policy,k,batch_size,layer_id,accesses,hits,misses,fetches,compulsory_loads,refetches,evictions,hit_rate,h2d_bytes,h2d_reduction_vs_stream2
stream2,0,50,0,750647,0,750647,750647,128,750519,0,0.0,7083993858048,0.0
stream2,0,50,1,750519,0,750519,750519,128,750391,0,0.0,7082785898496,0.0
stream2,0,50,2,695582,0,695582,695582,128,695454,0,0.0,6564335321088,0.0
stream2,0,50,3,731407,0,731407,731407,128,731279,0,0.0,6902422437888,0.0
stream2,0,50,4,707788,0,707788,707788,128,707660,0,0.0,6679525588992,0.0
stream2,0,50,5,713851,0,713851,713851,128,713723,0,0.0,6736743235584,0.0
stream2,0,50,6,711032,0,711032,711032,128,710904,0,0.0,6710139813888,0.0
stream2,0,50,7,710291,0,710291,710291,128,710163,0,0.0,6703146860544,0.0
stream2,0,50,8,731917,0,731917,731917,128,731789,0,0.0,6907235401728,0.0
stream2,0,50,9,716962,0,716962,716962,128,716834,0,0.0,6766102315008,0.0
stream2,0,50,10,715058,0,715058,715058,128,714930,0,0.0,6748133916672,0.0
stream2,0,50,11,723738,0,723738,723738,128,723610,0,0.0,6830048673792,0.0
stream2,0,50,12,702847,0,702847,702847,128,702719,0,0.0,6632896462848,0.0
stream2,0,50,13,691573,0,691573,691573,128,691445,0,0.0,6526501650432,0.0
stream2,0,50,14,696640,0,696640,696640,128,696512,0,0.0,6574319861760,0.0
stream2,0,50,15,710387,0,710387,710387,128,710259,0,0.0,6704052830208,0.0
stream2,0,50,16,677709,0,677709,677709,128,677581,0,0.0,6395664531456,0.0
stream2,0,50,17,668368,0,668368,668368,128,668240,0,0.0,6307511795712,0.0
stream2,0,50,18,696935,0,696935,696935,128,696807,0,0.0,6577103831040,0.0
stream2,0,50,19,706924,0,706924,706924,128,706796,0,0.0,6671371862016,0.0
stream2,0,50,20,716192,0,716192,716192,128,716064,0,0.0,6758835683328,0.0
stream2,0,50,21,701005,0,701005,701005,128,700877,0,0.0,6615513169920,0.0
stream2,0,50,22,710745,0,710745,710745,128,710617,0,0.0,6707431342080,0.0
stream2,0,50,23,710831,0,710831,710831,128,710703,0,0.0,6708242939904,0.0
stream2,0,50,24,702926,0,702926,702926,128,702798,0,0.0,6633642000384,0.0
stream2,0,50,25,690120,0,690120,690120,128,689992,0,0.0,6512789422080,0.0
stream2,0,50,26,705241,0,705241,705241,128,705113,0,0.0,6655489081344,0.0
stream2,0,50,27,714223,0,714223,714223,128,714095,0,0.0,6740253868032,0.0
stream2,0,50,28,683455,0,683455,683455,128,683327,0,0.0,6449890590720,0.0
stream2,0,50,29,698769,0,698769,698769,128,698641,0,0.0,6594411626496,0.0
stream2,0,50,30,698061,0,698061,698061,128,697933,0,0.0,6587730100224,0.0
stream2,0,50,31,707311,0,707311,707311,128,707183,0,0.0,6675024052224,0.0
stream2,0,50,32,723102,0,723102,723102,128,722974,0,0.0,6824046624768,0.0
stream2,0,50,33,711496,0,711496,711496,128,711368,0,0.0,6714518667264,0.0
stream2,0,50,34,709443,0,709443,709443,128,709315,0,0.0,6695144128512,0.0
stream2,0,50,35,717922,0,717922,717922,128,717794,0,0.0,6775162011648,0.0
stream2,0,50,36,707052,0,707052,707052,128,706924,0,0.0,6672579821568,0.0
stream2,0,50,37,693096,0,693096,693096,128,692968,0,0.0,6540874481664,0.0
stream2,0,50,38,703325,0,703325,703325,128,703197,0,0.0,6637407436800,0.0
stream2,0,50,39,708552,0,708552,708552,128,708424,0,0.0,6686735597568,0.0
stream2,0,50,40,690803,0,690803,690803,128,690675,0,0.0,6519235018752,0.0
stream2,0,50,41,672413,0,672413,672413,128,672285,0,0.0,6345685204992,0.0
stream2,0,50,42,663643,0,663643,663643,127,663516,0,0.0,6262921101312,0.0
stream2,0,50,43,663285,0,663285,663285,125,663160,0,0.0,6259542589440,0.0
stream2,0,50,44,668264,0,668264,668264,126,668138,0,0.0,6306530328576,0.0
stream2,0,50,45,660612,0,660612,660612,128,660484,0,0.0,6234316996608,0.0
stream2,0,50,46,677243,0,677243,677243,126,677117,0,0.0,6391266803712,0.0
stream2,0,50,47,671844,0,671844,671844,121,671723,0,0.0,6340315447296,0.0
permanent_k,1,50,0,750647,6620,744027,744027,127,743900,0,0.00881905875864421,7021519699968,0.008819058758644194
permanent_k,1,50,1,750519,6643,743876,743876,127,743749,0,0.008851208297191677,7020094685184,0.00885120829719166
permanent_k,1,50,2,695582,6651,688931,688931,127,688804,0,0.00956177704425934,6501568610304,0.009561777044259312
permanent_k,1,50,3,731407,6643,724764,724764,127,724637,0,0.009082494425128554,6839731224576,0.00908249442512854
permanent_k,1,50,4,707788,6649,701139,701139,127,701012,0,0.009394055847231091,6616777752576,0.009394055847231075
permanent_k,1,50,5,713851,6626,707225,707225,127,707098,0,0.009282049055054906,6674212454400,0.00928204905505492
permanent_k,1,50,6,711032,6631,704401,704401,127,704274,0,0.00932588125428954,6647561846784,0.00932588125428957
permanent_k,1,50,7,710291,6656,703635,703635,127,703508,0,0.009370807176213693,6640332963840,0.009370807176213747
permanent_k,1,50,8,731917,6656,725261,725261,127,725134,0,0.009093927316895222,6844421505024,0.009093927316895178
permanent_k,1,50,9,716962,6650,710312,710312,127,710185,0,0.009275247502657045,6703345041408,0.009275247502657069
permanent_k,1,50,10,715058,6648,708410,708410,127,708283,0,0.009297147923664933,6685395517440,0.009297147923664983
permanent_k,1,50,11,723738,6647,717091,717091,127,716964,0,0.009184262813338529,6767319711744,0.009184262813338506
permanent_k,1,50,12,702847,6630,696217,696217,127,696090,0,0.009433062956802832,6570327932928,0.009433062956802796
permanent_k,1,50,13,691573,6649,684924,684924,127,684797,0,0.00961431403481628,6463753814016,0.009614314034816274
permanent_k,1,50,14,696640,6656,689984,689984,127,689857,0,0.009554432705558108,6511505965056,0.009554432705558114
permanent_k,1,50,15,710387,6641,703746,703746,127,703619,0,0.009348425576481552,6641380491264,0.009348425576481523
permanent_k,1,50,16,677709,6656,671053,671053,127,670926,0,0.009821324491780395,6332850634752,0.009821324491780414
permanent_k,1,50,17,668368,6656,661712,661712,127,661585,0,0.009958585689320853,6244697899008,0.009958585689320842
permanent_k,1,50,18,696935,6656,690279,690279,127,690152,0,0.009550388486731187,6514289934336,0.009550388486731176
permanent_k,1,50,19,706924,6656,700268,700268,127,700141,0,0.00941543928343075,6608557965312,0.009415439283430804
permanent_k,1,50,20,716192,6656,709536,709536,127,709409,0,0.00929359724766543,6696021786624,0.00929359724766543
permanent_k,1,50,21,701005,6652,694353,694353,127,694226,0,0.009489233315026284,6552737021952,0.009489233315026269
permanent_k,1,50,22,710745,6656,704089,704089,127,703962,0,0.009364821419777838,6644617445376,0.009364821419777791
permanent_k,1,50,23,710831,6548,704283,704283,127,704156,0,0.00921175356730362,6646448259072,0.009211753567303638
permanent_k,1,50,24,702926,6656,696270,696270,127,696143,0,0.009468991045999152,6570828103680,0.009468991045999187
permanent_k,1,50,25,690120,6652,683468,683468,127,683341,0,0.009638903379122472,6450013274112,0.009638903379122432
permanent_k,1,50,26,705241,6655,698586,698586,127,698459,0,0.009436490504664363,6592684621824,0.00943649050466433
permanent_k,1,50,27,714223,6655,707568,707568,127,707441,0,0.00931781810442957,6677449408512,0.009317818104429554
permanent_k,1,50,28,683455,6655,676800,676800,127,676673,0,0.009737290677513517,6387086131200,0.0097372906775135
permanent_k,1,50,29,698769,6651,692118,692118,127,691991,0,0.009518166947875478,6531644915712,0.00951816694787544
permanent_k,1,50,30,698061,6656,691405,691405,127,691278,0,0.009534983332402183,6524916203520,0.009534983332402214
permanent_k,1,50,31,707311,6656,700655,700655,127,700528,0,0.009410287695228831,6612210155520,0.00941028769522878
permanent_k,1,50,32,723102,6656,716446,716446,127,716319,0,0.00920478715312639,6761232728064,0.009204787153126337
permanent_k,1,50,33,711496,6647,704849,704849,127,704722,0,0.009342287237032955,6651789705216,0.009342287237033009
permanent_k,1,50,34,709443,6656,702787,702787,127,702660,0,0.009382008138779296,6632330231808,0.009382008138779319
permanent_k,1,50,35,717922,6651,711271,711271,127,711144,0,0.00926423761912854,6712395300864,0.009264237619128535
permanent_k,1,50,36,707052,6656,700396,700396,127,700269,0,0.00941373477481147,6609765924864,0.009413734774811444
permanent_k,1,50,37,693096,6640,686456,686456,127,686329,0,0.009580202453916917,6478211579904,0.009580202453916886
permanent_k,1,50,38,703325,6650,696675,696675,127,696548,0,0.009455088330430456,6574650163200,0.009455088330430406
permanent_k,1,50,39,708552,6655,701897,701897,127,701770,0,0.009392394630175344,6623931138048,0.009392394630175382
permanent_k,1,50,40,690803,6656,684147,684147,127,684020,0,0.009635163715270489,6456421122048,0.009635163715270512
permanent_k,1,50,41,672413,6654,665759,665759,127,665632,0,0.009895703979548283,6282890182656,0.00989570397954831
permanent_k,1,50,42,663643,6651,656992,656992,126,656866,0,0.010021954574974798,6200154390528,0.01002195457497479
permanent_k,1,50,43,663285,6649,656636,656636,124,656512,0,0.010024348507805845,6196794753024,0.01002434850780587
permanent_k,1,50,44,668264,6650,661614,661614,125,661489,0,0.009951157027761483,6243773054976,0.009951157027761504
permanent_k,1,50,45,660612,6629,653983,653983,127,653856,0,0.01003463455099211,6171757903872,0.010034634550992072
permanent_k,1,50,46,677243,6653,670590,670590,125,670465,0,0.009823652662338334,6328481218560,0.009823652662338311
permanent_k,1,50,47,671844,6651,665193,665193,120,665073,0,0.009899619554539447,6277548736512,0.00989961955453944
quota_lru_k,1,50,0,750647,0,750647,750647,128,750519,750646,0.0,7083993858048,0.0
quota_lru_k,1,50,1,750519,0,750519,750519,128,750391,750518,0.0,7082785898496,0.0
quota_lru_k,1,50,2,695582,0,695582,695582,128,695454,695581,0.0,6564335321088,0.0
quota_lru_k,1,50,3,731407,0,731407,731407,128,731279,731406,0.0,6902422437888,0.0
quota_lru_k,1,50,4,707788,0,707788,707788,128,707660,707787,0.0,6679525588992,0.0
quota_lru_k,1,50,5,713851,0,713851,713851,128,713723,713850,0.0,6736743235584,0.0
quota_lru_k,1,50,6,711032,0,711032,711032,128,710904,711031,0.0,6710139813888,0.0
quota_lru_k,1,50,7,710291,0,710291,710291,128,710163,710290,0.0,6703146860544,0.0
quota_lru_k,1,50,8,731917,0,731917,731917,128,731789,731916,0.0,6907235401728,0.0
quota_lru_k,1,50,9,716962,0,716962,716962,128,716834,716961,0.0,6766102315008,0.0
quota_lru_k,1,50,10,715058,0,715058,715058,128,714930,715057,0.0,6748133916672,0.0
quota_lru_k,1,50,11,723738,0,723738,723738,128,723610,723737,0.0,6830048673792,0.0
quota_lru_k,1,50,12,702847,0,702847,702847,128,702719,702846,0.0,6632896462848,0.0
quota_lru_k,1,50,13,691573,0,691573,691573,128,691445,691572,0.0,6526501650432,0.0
quota_lru_k,1,50,14,696640,0,696640,696640,128,696512,696639,0.0,6574319861760,0.0
quota_lru_k,1,50,15,710387,0,710387,710387,128,710259,710386,0.0,6704052830208,0.0
quota_lru_k,1,50,16,677709,0,677709,677709,128,677581,677708,0.0,6395664531456,0.0
quota_lru_k,1,50,17,668368,0,668368,668368,128,668240,668367,0.0,6307511795712,0.0
quota_lru_k,1,50,18,696935,0,696935,696935,128,696807,696934,0.0,6577103831040,0.0
quota_lru_k,1,50,19,706924,0,706924,706924,128,706796,706923,0.0,6671371862016,0.0
quota_lru_k,1,50,20,716192,0,716192,716192,128,716064,716191,0.0,6758835683328,0.0
quota_lru_k,1,50,21,701005,0,701005,701005,128,700877,701004,0.0,6615513169920,0.0
quota_lru_k,1,50,22,710745,0,710745,710745,128,710617,710744,0.0,6707431342080,0.0
quota_lru_k,1,50,23,710831,0,710831,710831,128,710703,710830,0.0,6708242939904,0.0
quota_lru_k,1,50,24,702926,0,702926,702926,128,702798,702925,0.0,6633642000384,0.0
quota_lru_k,1,50,25,690120,0,690120,690120,128,689992,690119,0.0,6512789422080,0.0
quota_lru_k,1,50,26,705241,0,705241,705241,128,705113,705240,0.0,6655489081344,0.0
quota_lru_k,1,50,27,714223,0,714223,714223,128,714095,714222,0.0,6740253868032,0.0
quota_lru_k,1,50,28,683455,0,683455,683455,128,683327,683454,0.0,6449890590720,0.0
quota_lru_k,1,50,29,698769,0,698769,698769,128,698641,698768,0.0,6594411626496,0.0
quota_lru_k,1,50,30,698061,0,698061,698061,128,697933,698060,0.0,6587730100224,0.0
quota_lru_k,1,50,31,707311,0,707311,707311,128,707183,707310,0.0,6675024052224,0.0
quota_lru_k,1,50,32,723102,0,723102,723102,128,722974,723101,0.0,6824046624768,0.0
quota_lru_k,1,50,33,711496,0,711496,711496,128,711368,711495,0.0,6714518667264,0.0
quota_lru_k,1,50,34,709443,0,709443,709443,128,709315,709442,0.0,6695144128512,0.0
quota_lru_k,1,50,35,717922,0,717922,717922,128,717794,717921,0.0,6775162011648,0.0
quota_lru_k,1,50,36,707052,0,707052,707052,128,706924,707051,0.0,6672579821568,0.0
quota_lru_k,1,50,37,693096,0,693096,693096,128,692968,693095,0.0,6540874481664,0.0
quota_lru_k,1,50,38,703325,0,703325,703325,128,703197,703324,0.0,6637407436800,0.0
quota_lru_k,1,50,39,708552,0,708552,708552,128,708424,708551,0.0,6686735597568,0.0
quota_lru_k,1,50,40,690803,0,690803,690803,128,690675,690802,0.0,6519235018752,0.0
quota_lru_k,1,50,41,672413,0,672413,672413,128,672285,672412,0.0,6345685204992,0.0
quota_lru_k,1,50,42,663643,0,663643,663643,127,663516,663642,0.0,6262921101312,0.0
quota_lru_k,1,50,43,663285,0,663285,663285,125,663160,663284,0.0,6259542589440,0.0
quota_lru_k,1,50,44,668264,0,668264,668264,126,668138,668263,0.0,6306530328576,0.0
quota_lru_k,1,50,45,660612,0,660612,660612,128,660484,660611,0.0,6234316996608,0.0
quota_lru_k,1,50,46,677243,0,677243,677243,126,677117,677242,0.0,6391266803712,0.0
quota_lru_k,1,50,47,671844,0,671844,671844,121,671723,671843,0.0,6340315447296,0.0
permanent_k,2,50,0,750647,13234,737413,737413,126,737287,0,0.017630124412673333,6959102164992,0.01763012441267331
permanent_k,2,50,1,750519,13275,737244,737244,126,737118,0,0.01768776007003154,6957507280896,0.01768776007003159
permanent_k,2,50,2,695582,13295,682287,682287,126,682161,0,0.019113490573361588,6438867959808,0.019113490573361536
permanent_k,2,50,3,731407,13239,718168,718168,126,718042,0,0.01810072914259776,6777483558912,0.01810072914259775
permanent_k,2,50,4,707788,13298,694490,694490,126,694364,0,0.018788111694462182,6554029916160,0.01878811169446215
permanent_k,2,50,5,713851,13255,700596,700596,126,700470,0,0.018568300667786416,6611653361664,0.018568300667786364
permanent_k,2,50,6,711032,13267,697765,697765,126,697639,0,0.018658794540892674,6584936693760,0.018658794540892698
permanent_k,2,50,7,710291,13288,697003,697003,126,696877,0,0.018707825384243922,6577745559552,0.01870782538424387
permanent_k,2,50,8,731917,13284,718633,718633,126,718507,0,0.018149598929933314,6781871849472,0.018149598929933286
permanent_k,2,50,9,716962,13302,703660,703660,126,703534,0,0.01855328455343519,6640568893440,0.01855328455343519
permanent_k,2,50,10,715058,13298,701760,701760,126,701634,0,0.018597092823239514,6622638243840,0.018597092823239514
permanent_k,2,50,11,723738,13297,710441,710441,126,710315,0,0.018372670773125082,6704562438144,0.0183726707731251
permanent_k,2,50,12,702847,13284,689563,689563,126,689437,0,0.018900272747838433,6507532910592,0.018900272747838454
permanent_k,2,50,13,691573,13305,678268,678268,126,678142,0,0.01923874992227863,6400939917312,0.019238749922278586
permanent_k,2,50,14,696640,13310,683330,683330,126,683204,0,0.019105994487827287,6448710942720,0.019105994487827238
permanent_k,2,50,15,710387,13297,697090,697090,126,696964,0,0.018717966404227553,6578566594560,0.018717966404227515
permanent_k,2,50,16,677709,13307,664402,664402,126,664276,0,0.019635271185715404,6270083923968,0.019635271185715397
permanent_k,2,50,17,668368,13295,655073,655073,126,654947,0,0.019891736288990495,6182044434432,0.019891736288990547
permanent_k,2,50,18,696935,13311,683624,683624,126,683498,0,0.0190993421194229,6451485474816,0.01909934211942288
permanent_k,2,50,19,706924,13296,693628,693628,126,693502,0,0.018808245299353255,6545895063552,0.01880824529935321
permanent_k,2,50,20,716192,13297,702895,702895,126,702769,0,0.018566250390956614,6633349447680,0.018566250390956607
permanent_k,2,50,21,701005,13307,687698,687698,126,687572,0,0.01898274620009843,6489932562432,0.018982746200098433
permanent_k,2,50,22,710745,13284,697461,697461,126,697335,0,0.018690247557140747,6582067789824,0.01869024755714077
permanent_k,2,50,23,710831,13203,697628,697628,126,697502,0,0.01857403517854455,6583643799552,0.0185740351785445
permanent_k,2,50,24,702926,13311,689615,689615,126,689489,0,0.018936559467141633,6508023644160,0.018936559467141678
permanent_k,2,50,25,690120,13308,676812,676812,126,676686,0,0.019283602851677968,6387199377408,0.01928360285167796
permanent_k,2,50,26,705241,13305,691936,691936,126,691810,0,0.018865891234344005,6529927348224,0.018865891234344012
permanent_k,2,50,27,714223,13311,700912,700912,126,700786,0,0.01863703633178993,6614635511808,0.018637036331789925
permanent_k,2,50,28,683455,13311,670144,670144,126,670018,0,0.01947604450914837,6324272234496,0.019476044509148416
permanent_k,2,50,29,698769,13305,685464,685464,126,685338,0,0.0190406271600486,6468849893376,0.019040627160048618
permanent_k,2,50,30,698061,13311,684750,684750,126,684624,0,0.019068534125241204,6462111744000,0.019068534125241232
permanent_k,2,50,31,707311,13293,694018,694018,126,693892,0,0.018793713090846882,6549575565312,0.018793713090846875
permanent_k,2,50,32,723102,13303,709799,709799,126,709673,0,0.018397127929393086,6698503766016,0.018397127929393076
permanent_k,2,50,33,711496,13302,698194,698194,126,698068,0,0.018695818388297335,6588985245696,0.01869581838829737
permanent_k,2,50,34,709443,13263,696180,696180,126,696054,0,0.018694948008508083,6569978757120,0.018694948008508128
permanent_k,2,50,35,717922,13138,704784,704784,126,704658,0,0.018300038165706023,6651176288256,0.018300038165706023
permanent_k,2,50,36,707052,13300,693752,693752,126,693626,0,0.018810497672024123,6547065274368,0.01881049767202414
permanent_k,2,50,37,693096,13296,679800,679800,126,679674,0,0.019183489733023997,6415397683200,0.019183489733023973
permanent_k,2,50,38,703325,13303,690022,690022,126,689896,0,0.01891444211424306,6511864578048,0.01891444211424309
permanent_k,2,50,39,708552,13303,695249,695249,126,695123,0,0.018774909957208503,6561192738816,0.01877490995720854
permanent_k,2,50,40,690803,13312,677491,677491,126,677365,0,0.019270327430540978,6393607225344,0.019270327430541023
permanent_k,2,50,41,672413,13301,659112,659112,126,658986,0,0.01978099769040753,6220161220608,0.01978099769040753
permanent_k,2,50,42,663643,13305,650338,650338,125,650213,0,0.020048429652689773,6137359368192,0.020048429652689825
permanent_k,2,50,43,663285,13302,649983,649983,123,649860,0,0.02005472760578032,6134009167872,0.02005472760578031
permanent_k,2,50,44,668264,13301,654963,654963,124,654839,0,0.01990381047011361,6181006344192,0.01990381047011358
permanent_k,2,50,45,660612,13256,647356,647356,126,647230,0,0.020066241606268128,6109217685504,0.02006624160626813
permanent_k,2,50,46,677243,13307,663936,663936,124,663812,0,0.019648781899554518,6265686196224,0.019648781899554546
permanent_k,2,50,47,671844,13305,658539,658539,119,658420,0,0.019803704431385856,6214753714176,0.019803704431385905
quota_lru_k,2,50,0,750647,0,750647,750647,128,750519,750645,0.0,7083993858048,0.0
quota_lru_k,2,50,1,750519,0,750519,750519,128,750391,750517,0.0,7082785898496,0.0
quota_lru_k,2,50,2,695582,0,695582,695582,128,695454,695580,0.0,6564335321088,0.0
quota_lru_k,2,50,3,731407,0,731407,731407,128,731279,731405,0.0,6902422437888,0.0
quota_lru_k,2,50,4,707788,0,707788,707788,128,707660,707786,0.0,6679525588992,0.0
quota_lru_k,2,50,5,713851,0,713851,713851,128,713723,713849,0.0,6736743235584,0.0
quota_lru_k,2,50,6,711032,0,711032,711032,128,710904,711030,0.0,6710139813888,0.0
quota_lru_k,2,50,7,710291,0,710291,710291,128,710163,710289,0.0,6703146860544,0.0
quota_lru_k,2,50,8,731917,0,731917,731917,128,731789,731915,0.0,6907235401728,0.0
quota_lru_k,2,50,9,716962,0,716962,716962,128,716834,716960,0.0,6766102315008,0.0
quota_lru_k,2,50,10,715058,0,715058,715058,128,714930,715056,0.0,6748133916672,0.0
quota_lru_k,2,50,11,723738,0,723738,723738,128,723610,723736,0.0,6830048673792,0.0
quota_lru_k,2,50,12,702847,0,702847,702847,128,702719,702845,0.0,6632896462848,0.0
quota_lru_k,2,50,13,691573,0,691573,691573,128,691445,691571,0.0,6526501650432,0.0
quota_lru_k,2,50,14,696640,0,696640,696640,128,696512,696638,0.0,6574319861760,0.0
quota_lru_k,2,50,15,710387,0,710387,710387,128,710259,710385,0.0,6704052830208,0.0
quota_lru_k,2,50,16,677709,0,677709,677709,128,677581,677707,0.0,6395664531456,0.0
quota_lru_k,2,50,17,668368,0,668368,668368,128,668240,668366,0.0,6307511795712,0.0
quota_lru_k,2,50,18,696935,0,696935,696935,128,696807,696933,0.0,6577103831040,0.0
quota_lru_k,2,50,19,706924,0,706924,706924,128,706796,706922,0.0,6671371862016,0.0
quota_lru_k,2,50,20,716192,0,716192,716192,128,716064,716190,0.0,6758835683328,0.0
quota_lru_k,2,50,21,701005,0,701005,701005,128,700877,701003,0.0,6615513169920,0.0
quota_lru_k,2,50,22,710745,0,710745,710745,128,710617,710743,0.0,6707431342080,0.0
quota_lru_k,2,50,23,710831,0,710831,710831,128,710703,710829,0.0,6708242939904,0.0
quota_lru_k,2,50,24,702926,0,702926,702926,128,702798,702924,0.0,6633642000384,0.0
quota_lru_k,2,50,25,690120,0,690120,690120,128,689992,690118,0.0,6512789422080,0.0
quota_lru_k,2,50,26,705241,0,705241,705241,128,705113,705239,0.0,6655489081344,0.0
quota_lru_k,2,50,27,714223,0,714223,714223,128,714095,714221,0.0,6740253868032,0.0
quota_lru_k,2,50,28,683455,0,683455,683455,128,683327,683453,0.0,6449890590720,0.0
quota_lru_k,2,50,29,698769,0,698769,698769,128,698641,698767,0.0,6594411626496,0.0
quota_lru_k,2,50,30,698061,0,698061,698061,128,697933,698059,0.0,6587730100224,0.0
quota_lru_k,2,50,31,707311,0,707311,707311,128,707183,707309,0.0,6675024052224,0.0
quota_lru_k,2,50,32,723102,0,723102,723102,128,722974,723100,0.0,6824046624768,0.0
quota_lru_k,2,50,33,711496,0,711496,711496,128,711368,711494,0.0,6714518667264,0.0
quota_lru_k,2,50,34,709443,0,709443,709443,128,709315,709441,0.0,6695144128512,0.0
quota_lru_k,2,50,35,717922,0,717922,717922,128,717794,717920,0.0,6775162011648,0.0
quota_lru_k,2,50,36,707052,0,707052,707052,128,706924,707050,0.0,6672579821568,0.0
quota_lru_k,2,50,37,693096,0,693096,693096,128,692968,693094,0.0,6540874481664,0.0
quota_lru_k,2,50,38,703325,0,703325,703325,128,703197,703323,0.0,6637407436800,0.0
quota_lru_k,2,50,39,708552,0,708552,708552,128,708424,708550,0.0,6686735597568,0.0
quota_lru_k,2,50,40,690803,0,690803,690803,128,690675,690801,0.0,6519235018752,0.0
quota_lru_k,2,50,41,672413,0,672413,672413,128,672285,672411,0.0,6345685204992,0.0
quota_lru_k,2,50,42,663643,0,663643,663643,127,663516,663641,0.0,6262921101312,0.0
quota_lru_k,2,50,43,663285,0,663285,663285,125,663160,663283,0.0,6259542589440,0.0
quota_lru_k,2,50,44,668264,0,668264,668264,126,668138,668262,0.0,6306530328576,0.0
quota_lru_k,2,50,45,660612,0,660612,660612,128,660484,660610,0.0,6234316996608,0.0
quota_lru_k,2,50,46,677243,0,677243,677243,126,677117,677241,0.0,6391266803712,0.0
quota_lru_k,2,50,47,671844,0,671844,671844,121,671723,671842,0.0,6340315447296,0.0
permanent_k,4,50,0,750647,26504,724143,724143,124,724019,0,0.03530820745303718,6833870733312,0.0353082074530372
permanent_k,4,50,1,750519,26517,724002,724002,124,723878,0,0.03533155056700763,6832540090368,0.03533155056700765
permanent_k,4,50,2,695582,26485,669097,669097,124,668973,0,0.0380760284193668,6314391502848,0.03807602841936686
permanent_k,4,50,3,731407,26485,704922,704922,124,704798,0,0.0362110288799533,6652478619648,0.03621102887995331
permanent_k,4,50,4,707788,26565,681223,681223,124,681099,0,0.03753242496340712,6428826796032,0.03753242496340714
permanent_k,4,50,5,713851,26538,687313,687313,124,687189,0,0.03717582520722112,6486299246592,0.03717582520722107
permanent_k,4,50,6,711032,26514,684518,684518,124,684394,0,0.03728946095253097,6459922317312,0.03728946095253094
permanent_k,4,50,7,710291,26524,683767,683767,124,683643,0,0.037342441337423676,6452834992128,0.037342441337423704
permanent_k,4,50,8,731917,26535,705382,705382,124,705258,0,0.03625411078032072,6656819724288,0.0362541107803207
permanent_k,4,50,9,716962,26558,690404,690404,124,690280,0,0.03704240950008508,6515469582336,0.03704240950008508
permanent_k,4,50,10,715058,26502,688556,688556,124,688432,0,0.03706272777872564,6498029666304,0.03706272777872566
permanent_k,4,50,11,723738,26540,697198,697198,124,697074,0,0.03667072891018573,6579585810432,0.036670728910185746
permanent_k,4,50,12,702847,26582,676265,676265,124,676141,0,0.03782046448231265,6382037237760,0.03782046448231269
permanent_k,4,50,13,691573,26574,664999,664999,124,664875,0,0.03842544460237748,6275717922816,0.03842544460237751
permanent_k,4,50,14,696640,26609,670031,670031,124,669907,0,0.03819619889756546,6323205832704,0.038196198897565425
permanent_k,4,50,15,710387,26575,683812,683812,124,683688,0,0.03740918682352014,6453259665408,0.037409186823520124
permanent_k,4,50,16,677709,26568,651141,651141,124,651017,0,0.039202666631253234,6144937426944,0.03920266663125327
permanent_k,4,50,17,668368,26606,641762,641762,124,641638,0,0.03980741148588801,6056426078208,0.03980741148588807
permanent_k,4,50,18,696935,26612,670323,670323,124,670199,0,0.038184335698451075,6325961490432,0.03818433569845103
permanent_k,4,50,19,706924,26576,680348,680348,124,680224,0,0.037593857331198265,6420569260032,0.037593857331198244
permanent_k,4,50,20,716192,26583,689609,689609,124,689485,0,0.03711714177203878,6507967021056,0.03711714177203873
permanent_k,4,50,21,701005,26536,674469,674469,124,674345,0,0.03785422357900443,6365088055296,0.037854223579004476
permanent_k,4,50,22,710745,26500,684245,684245,124,684121,0,0.03728482085698809,6457345966080,0.03728482085698814
permanent_k,4,50,23,710831,26470,684361,684361,124,684237,0,0.037238105822621693,6458440679424,0.03723810582262166
permanent_k,4,50,24,702926,26609,676317,676317,124,676193,0,0.03785462481114655,6382527971328,0.03785462481114654
permanent_k,4,50,25,690120,26594,663526,663526,124,663402,0,0.03853532718947429,6261816950784,0.03853532718947428
permanent_k,4,50,26,705241,26605,678636,678636,124,678512,0,0.037724692693703286,6404412801024,0.037724692693703266
permanent_k,4,50,27,714223,26605,687618,687618,124,687494,0,0.03725027057375638,6489177587712,0.037250270573756405
permanent_k,4,50,28,683455,26580,656875,656875,124,656751,0,0.03889063654520049,6199050240000,0.03889063654520053
permanent_k,4,50,29,698769,26555,672214,672214,124,672090,0,0.0380025444746404,6343807205376,0.038002544474640354
permanent_k,4,50,30,698061,26617,671444,671444,124,671320,0,0.0381299055526666,6336540573696,0.0381299055526666
permanent_k,4,50,31,707311,26581,680730,680730,124,680606,0,0.0375803571554804,6424174264320,0.03758035715548036
permanent_k,4,50,32,723102,26563,696539,696539,124,696415,0,0.03673478983601207,6573366706176,0.03673478983601208
permanent_k,4,50,33,711496,26599,684897,684897,124,684773,0,0.037384609330200026,6463499010048,0.03738460933020005
permanent_k,4,50,34,709443,26488,682955,682955,124,682831,0,0.03733633286958924,6445171998720,0.03733633286958926
permanent_k,4,50,35,717922,26349,691573,691573,124,691449,0,0.03670175868687685,6526501650432,0.03670175868687686
permanent_k,4,50,36,707052,26603,680449,680449,124,680325,0,0.03762523831344795,6421522415616,0.037625238313447995
permanent_k,4,50,37,693096,26601,666495,666495,124,666371,0,0.03837996468021746,6289835950080,0.03837996468021743
permanent_k,4,50,38,703325,26596,676729,676729,124,676605,0,0.03781466605054562,6386416091136,0.03781466605054562
permanent_k,4,50,39,708552,26585,681967,681967,124,681843,0,0.03752018200499046,6435848060928,0.03752018200499041
permanent_k,4,50,40,690803,26604,664199,664199,124,664075,0,0.03851170304703367,6268168175616,0.03851170304703366
permanent_k,4,50,41,672413,26565,645848,645848,124,645724,0,0.03950696967488731,6094986412032,0.039506969674887316
permanent_k,4,50,42,663643,26582,637061,637061,123,636938,0,0.04005466794647122,6012061876224,0.04005466794647117
permanent_k,4,50,43,663285,26605,636680,636680,121,636559,0,0.040110962859102796,6008466309120,0.04011096285910276
permanent_k,4,50,44,668264,26574,641690,641690,122,641568,0,0.03976572133168927,6055746600960,0.03976572133168932
permanent_k,4,50,45,660612,26525,634087,634087,124,633963,0,0.040152161934690865,5983995691008,0.040152161934690844
permanent_k,4,50,46,677243,26581,650662,650662,122,650540,0,0.039248836828139975,6140417015808,0.039248836828139955
permanent_k,4,50,47,671844,26606,645238,645238,117,645121,0,0.03960145509969576,6089229729792,0.039601455099695815
quota_lru_k,4,50,0,750647,0,750647,750647,128,750519,750643,0.0,7083993858048,0.0
quota_lru_k,4,50,1,750519,0,750519,750519,128,750391,750515,0.0,7082785898496,0.0
quota_lru_k,4,50,2,695582,0,695582,695582,128,695454,695578,0.0,6564335321088,0.0
quota_lru_k,4,50,3,731407,0,731407,731407,128,731279,731403,0.0,6902422437888,0.0
quota_lru_k,4,50,4,707788,0,707788,707788,128,707660,707784,0.0,6679525588992,0.0
quota_lru_k,4,50,5,713851,0,713851,713851,128,713723,713847,0.0,6736743235584,0.0
quota_lru_k,4,50,6,711032,0,711032,711032,128,710904,711028,0.0,6710139813888,0.0
quota_lru_k,4,50,7,710291,0,710291,710291,128,710163,710287,0.0,6703146860544,0.0
quota_lru_k,4,50,8,731917,0,731917,731917,128,731789,731913,0.0,6907235401728,0.0
quota_lru_k,4,50,9,716962,0,716962,716962,128,716834,716958,0.0,6766102315008,0.0
quota_lru_k,4,50,10,715058,0,715058,715058,128,714930,715054,0.0,6748133916672,0.0
quota_lru_k,4,50,11,723738,0,723738,723738,128,723610,723734,0.0,6830048673792,0.0
quota_lru_k,4,50,12,702847,0,702847,702847,128,702719,702843,0.0,6632896462848,0.0
quota_lru_k,4,50,13,691573,0,691573,691573,128,691445,691569,0.0,6526501650432,0.0
quota_lru_k,4,50,14,696640,0,696640,696640,128,696512,696636,0.0,6574319861760,0.0
quota_lru_k,4,50,15,710387,0,710387,710387,128,710259,710383,0.0,6704052830208,0.0
quota_lru_k,4,50,16,677709,0,677709,677709,128,677581,677705,0.0,6395664531456,0.0
quota_lru_k,4,50,17,668368,0,668368,668368,128,668240,668364,0.0,6307511795712,0.0
quota_lru_k,4,50,18,696935,0,696935,696935,128,696807,696931,0.0,6577103831040,0.0
quota_lru_k,4,50,19,706924,0,706924,706924,128,706796,706920,0.0,6671371862016,0.0
quota_lru_k,4,50,20,716192,0,716192,716192,128,716064,716188,0.0,6758835683328,0.0
quota_lru_k,4,50,21,701005,0,701005,701005,128,700877,701001,0.0,6615513169920,0.0
quota_lru_k,4,50,22,710745,0,710745,710745,128,710617,710741,0.0,6707431342080,0.0
quota_lru_k,4,50,23,710831,0,710831,710831,128,710703,710827,0.0,6708242939904,0.0
quota_lru_k,4,50,24,702926,0,702926,702926,128,702798,702922,0.0,6633642000384,0.0
quota_lru_k,4,50,25,690120,0,690120,690120,128,689992,690116,0.0,6512789422080,0.0
quota_lru_k,4,50,26,705241,0,705241,705241,128,705113,705237,0.0,6655489081344,0.0
quota_lru_k,4,50,27,714223,0,714223,714223,128,714095,714219,0.0,6740253868032,0.0
quota_lru_k,4,50,28,683455,0,683455,683455,128,683327,683451,0.0,6449890590720,0.0
quota_lru_k,4,50,29,698769,0,698769,698769,128,698641,698765,0.0,6594411626496,0.0
quota_lru_k,4,50,30,698061,0,698061,698061,128,697933,698057,0.0,6587730100224,0.0
quota_lru_k,4,50,31,707311,0,707311,707311,128,707183,707307,0.0,6675024052224,0.0
quota_lru_k,4,50,32,723102,0,723102,723102,128,722974,723098,0.0,6824046624768,0.0
quota_lru_k,4,50,33,711496,0,711496,711496,128,711368,711492,0.0,6714518667264,0.0
quota_lru_k,4,50,34,709443,0,709443,709443,128,709315,709439,0.0,6695144128512,0.0
quota_lru_k,4,50,35,717922,0,717922,717922,128,717794,717918,0.0,6775162011648,0.0
quota_lru_k,4,50,36,707052,0,707052,707052,128,706924,707048,0.0,6672579821568,0.0
quota_lru_k,4,50,37,693096,0,693096,693096,128,692968,693092,0.0,6540874481664,0.0
quota_lru_k,4,50,38,703325,0,703325,703325,128,703197,703321,0.0,6637407436800,0.0
quota_lru_k,4,50,39,708552,0,708552,708552,128,708424,708548,0.0,6686735597568,0.0
quota_lru_k,4,50,40,690803,0,690803,690803,128,690675,690799,0.0,6519235018752,0.0
quota_lru_k,4,50,41,672413,0,672413,672413,128,672285,672409,0.0,6345685204992,0.0
quota_lru_k,4,50,42,663643,0,663643,663643,127,663516,663639,0.0,6262921101312,0.0
quota_lru_k,4,50,43,663285,0,663285,663285,125,663160,663281,0.0,6259542589440,0.0
quota_lru_k,4,50,44,668264,0,668264,668264,126,668138,668260,0.0,6306530328576,0.0
quota_lru_k,4,50,45,660612,0,660612,660612,128,660484,660608,0.0,6234316996608,0.0
quota_lru_k,4,50,46,677243,0,677243,677243,126,677117,677239,0.0,6391266803712,0.0
quota_lru_k,4,50,47,671844,0,671844,671844,121,671723,671840,0.0,6340315447296,0.0
permanent_k,8,50,0,750647,52944,697703,697703,120,697583,0,0.07053115512351345,6584351588352,0.07053115512351349
permanent_k,8,50,1,750519,52925,697594,697594,120,697474,0,0.07051786830180182,6583322935296,0.07051786830180184
permanent_k,8,50,2,695582,52961,642621,642621,120,642501,0,0.07613911803353163,6064532619264,0.07613911803353168
permanent_k,8,50,3,731407,52925,678482,678482,120,678362,0,0.07236053250789232,6402959474688,0.07236053250789232
permanent_k,8,50,4,707788,53023,654765,654765,120,654645,0,0.07491367471615795,6179137781760,0.07491367471615795
permanent_k,8,50,5,713851,53026,660825,660825,120,660705,0,0.07428160778649887,6236327116800,0.07428160778649884
permanent_k,8,50,6,711032,53039,657993,657993,120,657873,0,0.07459439237615184,6209601011712,0.07459439237615184
permanent_k,8,50,7,710291,52989,657302,657302,120,657182,0,0.074601818128063,6203079917568,0.07460181812806299
permanent_k,8,50,8,731917,52809,679108,679108,120,678988,0,0.07215162374968746,6408867151872,0.07215162374968742
permanent_k,8,50,9,716962,53066,663896,663896,120,663776,0,0.07401508029714267,6265308708864,0.07401508029714265
permanent_k,8,50,10,715058,53009,662049,662049,120,661929,0,0.0741324479972254,6247878230016,0.0741324479972254
permanent_k,8,50,11,723738,53011,670727,670727,120,670607,0,0.07324611945206691,6329774112768,0.07324611945206694
permanent_k,8,50,12,702847,53026,649821,649821,120,649701,0,0.07544458466778688,6132480344064,0.07544458466778692
permanent_k,8,50,13,691573,53082,638491,638491,120,638371,0,0.07675545459409201,6025557049344,0.07675545459409205
permanent_k,8,50,14,696640,53119,643521,643521,120,643401,0,0.0762502870923289,6073026084864,0.07625028709232884
permanent_k,8,50,15,710387,53038,657349,657349,120,657229,0,0.0746607131042657,6203523465216,0.0746607131042657
permanent_k,8,50,16,677709,52995,624714,624714,120,624594,0,0.07819727936326654,5895540965376,0.07819727936326648
permanent_k,8,50,17,668368,53157,615211,615211,120,615091,0,0.07953253297584564,5805859405824,0.07953253297584562
permanent_k,8,50,18,696935,53180,643755,643755,120,643635,0,0.07630553781916534,6075234385920,0.07630553781916538
permanent_k,8,50,19,706924,53003,653921,653921,120,653801,0,0.07497694235872597,6171172798464,0.07497694235872598
permanent_k,8,50,20,716192,53128,663064,663064,120,662944,0,0.07418122514632948,6257456971776,0.07418122514632952
permanent_k,8,50,21,701005,53065,647940,647940,120,647820,0,0.0756984614945685,6114729000960,0.07569846149456849
permanent_k,8,50,22,710745,52959,657786,657786,120,657666,0,0.07451195576472575,6207647514624,0.07451195576472569
permanent_k,8,50,23,710831,52821,658010,658010,120,657890,0,0.07430880195151872,6209761443840,0.07430880195151868
permanent_k,8,50,24,702926,53106,649820,649820,120,649700,0,0.075549915638346,6132470906880,0.07554991563834601
permanent_k,8,50,25,690120,53124,636996,636996,120,636876,0,0.07697791688402017,6011448459264,0.07697791688402023
permanent_k,8,50,26,705241,53184,652057,652057,120,651937,0,0.07541251855748603,6153581887488,0.07541251855748599
permanent_k,8,50,27,714223,53150,661073,661073,120,660953,0,0.07441653377166516,6238667538432,0.07441653377166513
permanent_k,8,50,28,683455,52940,630515,630515,120,630395,0,0.07745937918370631,5950286069760,0.07745937918370627
permanent_k,8,50,29,698769,52989,645780,645780,120,645660,0,0.07583192728927586,6094344683520,0.0758319272892759
permanent_k,8,50,30,698061,53173,644888,644888,120,644768,0,0.07617242619198036,6085926715392,0.07617242619198039
permanent_k,8,50,31,707311,53156,654155,654155,120,654035,0,0.07515223147950477,6173381099520,0.07515223147950478
permanent_k,8,50,32,723102,52927,670175,670175,120,670055,0,0.07319437645034864,6324564787200,0.07319437645034865
permanent_k,8,50,33,711496,53096,658400,658400,120,658280,0,0.07462585875394942,6213441945600,0.07462585875394945
permanent_k,8,50,34,709443,52965,656478,656478,120,656358,0,0.0746571606175549,6195303677952,0.0746571606175549
permanent_k,8,50,35,717922,52812,665110,665110,120,664990,0,0.07356230899735626,6276765450240,0.07356230899735627
permanent_k,8,50,36,707052,53092,653960,653960,120,653840,0,0.07508924378970712,6171540848640,0.07508924378970716
permanent_k,8,50,37,693096,53098,639998,639998,120,639878,0,0.07660987799669887,6039778885632,0.07660987799669883
permanent_k,8,50,38,703325,53102,650223,650223,120,650103,0,0.07550136849962677,6136274092032,0.07550136849962674
permanent_k,8,50,39,708552,52987,655565,655565,120,655445,0,0.07478209079926385,6186687528960,0.0747820907992639
permanent_k,8,50,40,690803,53109,637694,637694,120,637574,0,0.07688009461452831,6018035613696,0.07688009461452827
permanent_k,8,50,41,672413,52987,619426,619426,120,619306,0,0.07880127243227004,5845637136384,0.07880127243227009
permanent_k,8,50,42,663643,53134,610509,610509,119,610390,0,0.08006413086554066,5761485766656,0.08006413086554065
permanent_k,8,50,43,663285,53179,610106,610106,117,609989,0,0.08017518864439871,5757682581504,0.08017518864439876
permanent_k,8,50,44,668264,53162,615102,615102,118,614984,0,0.07955239246764752,5804830752768,0.07955239246764756
permanent_k,8,50,45,660612,53090,607522,607522,120,607402,0,0.08036487378370359,5733296898048,0.0803648737837036
permanent_k,8,50,46,677243,53053,624190,624190,118,624072,0,0.07833672699459426,5890595880960,0.07833672699459426
permanent_k,8,50,47,671844,53186,618658,618658,113,618545,0,0.07916421073939783,5838389379072,0.07916421073939783
quota_lru_k,8,50,0,750647,0,750647,750647,128,750519,750639,0.0,7083993858048,0.0
quota_lru_k,8,50,1,750519,0,750519,750519,128,750391,750511,0.0,7082785898496,0.0
quota_lru_k,8,50,2,695582,0,695582,695582,128,695454,695574,0.0,6564335321088,0.0
quota_lru_k,8,50,3,731407,0,731407,731407,128,731279,731399,0.0,6902422437888,0.0
quota_lru_k,8,50,4,707788,0,707788,707788,128,707660,707780,0.0,6679525588992,0.0
quota_lru_k,8,50,5,713851,0,713851,713851,128,713723,713843,0.0,6736743235584,0.0
quota_lru_k,8,50,6,711032,0,711032,711032,128,710904,711024,0.0,6710139813888,0.0
quota_lru_k,8,50,7,710291,0,710291,710291,128,710163,710283,0.0,6703146860544,0.0
quota_lru_k,8,50,8,731917,0,731917,731917,128,731789,731909,0.0,6907235401728,0.0
quota_lru_k,8,50,9,716962,0,716962,716962,128,716834,716954,0.0,6766102315008,0.0
quota_lru_k,8,50,10,715058,0,715058,715058,128,714930,715050,0.0,6748133916672,0.0
quota_lru_k,8,50,11,723738,0,723738,723738,128,723610,723730,0.0,6830048673792,0.0
quota_lru_k,8,50,12,702847,0,702847,702847,128,702719,702839,0.0,6632896462848,0.0
quota_lru_k,8,50,13,691573,0,691573,691573,128,691445,691565,0.0,6526501650432,0.0
quota_lru_k,8,50,14,696640,0,696640,696640,128,696512,696632,0.0,6574319861760,0.0
quota_lru_k,8,50,15,710387,0,710387,710387,128,710259,710379,0.0,6704052830208,0.0
quota_lru_k,8,50,16,677709,0,677709,677709,128,677581,677701,0.0,6395664531456,0.0
quota_lru_k,8,50,17,668368,0,668368,668368,128,668240,668360,0.0,6307511795712,0.0
quota_lru_k,8,50,18,696935,0,696935,696935,128,696807,696927,0.0,6577103831040,0.0
quota_lru_k,8,50,19,706924,0,706924,706924,128,706796,706916,0.0,6671371862016,0.0
quota_lru_k,8,50,20,716192,0,716192,716192,128,716064,716184,0.0,6758835683328,0.0
quota_lru_k,8,50,21,701005,0,701005,701005,128,700877,700997,0.0,6615513169920,0.0
quota_lru_k,8,50,22,710745,0,710745,710745,128,710617,710737,0.0,6707431342080,0.0
quota_lru_k,8,50,23,710831,0,710831,710831,128,710703,710823,0.0,6708242939904,0.0
quota_lru_k,8,50,24,702926,0,702926,702926,128,702798,702918,0.0,6633642000384,0.0
quota_lru_k,8,50,25,690120,0,690120,690120,128,689992,690112,0.0,6512789422080,0.0
quota_lru_k,8,50,26,705241,0,705241,705241,128,705113,705233,0.0,6655489081344,0.0
quota_lru_k,8,50,27,714223,0,714223,714223,128,714095,714215,0.0,6740253868032,0.0
quota_lru_k,8,50,28,683455,0,683455,683455,128,683327,683447,0.0,6449890590720,0.0
quota_lru_k,8,50,29,698769,0,698769,698769,128,698641,698761,0.0,6594411626496,0.0
quota_lru_k,8,50,30,698061,0,698061,698061,128,697933,698053,0.0,6587730100224,0.0
quota_lru_k,8,50,31,707311,0,707311,707311,128,707183,707303,0.0,6675024052224,0.0
quota_lru_k,8,50,32,723102,0,723102,723102,128,722974,723094,0.0,6824046624768,0.0
quota_lru_k,8,50,33,711496,0,711496,711496,128,711368,711488,0.0,6714518667264,0.0
quota_lru_k,8,50,34,709443,0,709443,709443,128,709315,709435,0.0,6695144128512,0.0
quota_lru_k,8,50,35,717922,0,717922,717922,128,717794,717914,0.0,6775162011648,0.0
quota_lru_k,8,50,36,707052,0,707052,707052,128,706924,707044,0.0,6672579821568,0.0
quota_lru_k,8,50,37,693096,0,693096,693096,128,692968,693088,0.0,6540874481664,0.0
quota_lru_k,8,50,38,703325,0,703325,703325,128,703197,703317,0.0,6637407436800,0.0
quota_lru_k,8,50,39,708552,0,708552,708552,128,708424,708544,0.0,6686735597568,0.0
quota_lru_k,8,50,40,690803,0,690803,690803,128,690675,690795,0.0,6519235018752,0.0
quota_lru_k,8,50,41,672413,0,672413,672413,128,672285,672405,0.0,6345685204992,0.0
quota_lru_k,8,50,42,663643,0,663643,663643,127,663516,663635,0.0,6262921101312,0.0
quota_lru_k,8,50,43,663285,0,663285,663285,125,663160,663277,0.0,6259542589440,0.0
quota_lru_k,8,50,44,668264,0,668264,668264,126,668138,668256,0.0,6306530328576,0.0
quota_lru_k,8,50,45,660612,0,660612,660612,128,660484,660604,0.0,6234316996608,0.0
quota_lru_k,8,50,46,677243,0,677243,677243,126,677117,677235,0.0,6391266803712,0.0
quota_lru_k,8,50,47,671844,0,671844,671844,121,671723,671836,0.0,6340315447296,0.0
permanent_k,16,50,0,750647,105647,645000,645000,112,644888,0,0.14074125387832098,6086983680000,0.14074125387832093
permanent_k,16,50,1,750519,105696,644823,644823,112,644711,0,0.14083054526267821,6085313298432,0.14083054526267824
permanent_k,16,50,2,695582,105889,589693,589693,112,589581,0,0.1522307937813227,5565041344512,0.15223079378132265
permanent_k,16,50,3,731407,105638,625769,625769,112,625657,0,0.1444312127174063,5905497194496,0.14443121271740633
permanent_k,16,50,4,707788,105856,601932,601932,112,601820,0,0.14955890746946826,5680543039488,0.1495589074694682
permanent_k,16,50,5,713851,105857,607994,607994,112,607882,0,0.1482900493240186,5737751248896,0.14829004932401857
permanent_k,16,50,6,711032,105900,605132,605132,112,605020,0,0.1489384444019397,5710742028288,0.1489384444019397
permanent_k,16,50,7,710291,105859,604432,604432,112,604320,0,0.149036099288883,5704135999488,0.14903609928888306
permanent_k,16,50,8,731917,105561,626356,626356,112,626244,0,0.14422536981652292,5911036821504,0.1442253698165229
permanent_k,16,50,9,716962,105912,611050,611050,112,610938,0,0.14772331030096433,5766591283200,0.1477233103009643
permanent_k,16,50,10,715058,105638,609420,609420,112,609308,0,0.14773347057161795,5751208673280,0.147733470571618
permanent_k,16,50,11,723738,105571,618167,618167,112,618055,0,0.14586908522144754,5833755721728,0.1458690852214476
permanent_k,16,50,12,702847,105796,597051,597051,112,596939,0,0.15052493643709086,5634480144384,0.15052493643709086
permanent_k,16,50,13,691573,105646,585927,585927,112,585815,0,0.15276189209237492,5529500909568,0.1527618920923749
permanent_k,16,50,14,696640,105893,590747,590747,112,590635,0,0.1520053399173174,5574988136448,0.15200533991731746
permanent_k,16,50,15,710387,105951,604436,604436,112,604324,0,0.14914546578132765,5704173748224,0.1491454657813276
permanent_k,16,50,16,677709,105979,571730,571730,112,571618,0,0.1563783275712732,5395521208320,0.15637832757127323
permanent_k,16,50,17,668368,106035,562333,562333,112,562221,0,0.1586476312450626,5306839990272,0.15864763124506265
permanent_k,16,50,18,696935,106026,590909,590909,112,590797,0,0.15213183438914676,5576516960256,0.1521318343891468
permanent_k,16,50,19,706924,105982,600942,600942,112,600830,0,0.14991993481618957,5671200227328,0.1499199348161896
permanent_k,16,50,20,716192,105922,610270,610270,112,610158,0,0.14789609490192573,5759230279680,0.1478960949019258
permanent_k,16,50,21,701005,106046,594959,594959,112,594847,0,0.15127709502785286,5614737555456,0.15127709502785291
permanent_k,16,50,22,710745,105829,604916,604916,112,604804,0,0.1488986908103469,5708703596544,0.1488986908103469
permanent_k,16,50,23,710831,105589,605242,605242,112,605130,0,0.14854304328314324,5711780118528,0.14854304328314327
permanent_k,16,50,24,702926,106043,596883,596883,112,596771,0,0.1508594076759147,5632894697472,0.15085940767591466
permanent_k,16,50,25,690120,106097,584023,584023,112,583911,0,0.1537370312409436,5511532511232,0.15373703124094362
permanent_k,16,50,26,705241,106057,599184,599184,112,599072,0,0.15038405311092237,5654609657856,0.1503840531109224
permanent_k,16,50,27,714223,106052,608171,608171,112,608059,0,0.14848583705649357,5739421630464,0.14848583705649354
permanent_k,16,50,28,683455,105762,577693,577693,112,577581,0,0.15474610618109458,5451795136512,0.15474610618109463
permanent_k,16,50,29,698769,105604,593165,593165,112,593053,0,0.15112862762944548,5597807247360,0.15112862762944546
permanent_k,16,50,30,698061,105886,592175,592175,112,592063,0,0.15168588418490647,5588464435200,0.15168588418490647
permanent_k,16,50,31,707311,106061,601250,601250,112,601138,0,0.14994959784309872,5674106880000,0.1499495978430987
permanent_k,16,50,32,723102,105792,617310,617310,112,617198,0,0.14630301119344158,5825668055040,0.14630301119344158
permanent_k,16,50,33,711496,106016,605480,605480,112,605368,0,0.14900435139480755,5714026168320,0.1490043513948076
permanent_k,16,50,34,709443,105774,603669,603669,112,603557,0,0.14909443041935716,5696935428096,0.1490944304193571
permanent_k,16,50,35,717922,105664,612258,612258,112,612146,0,0.14718033435387132,5777991401472,0.14718033435387134
permanent_k,16,50,36,707052,105772,601280,601280,112,601168,0,0.14959578644852148,5674389995520,0.14959578644852145
permanent_k,16,50,37,693096,106036,587060,587060,112,586948,0,0.15298890774149612,5540193239040,0.1529889077414961
permanent_k,16,50,38,703325,105987,597338,597338,112,597226,0,0.15069420253794477,5637188616192,0.15069420253794474
permanent_k,16,50,39,708552,105862,602690,602690,112,602578,0,0.14940611274825277,5687696424960,0.14940611274825277
permanent_k,16,50,40,690803,105933,584870,584870,112,584758,0,0.1533476258788685,5519525806080,0.15334762587886852
permanent_k,16,50,41,672413,105994,566419,566419,112,566307,0,0.15763228848936592,5345400324096,0.15763228848936595
permanent_k,16,50,42,663643,106126,557517,557517,111,557406,0,0.1599142912680462,5261390512128,0.15991429126804624
permanent_k,16,50,43,663285,106137,557148,557148,109,557039,0,0.1600171871819806,5257908191232,0.16001718718198055
permanent_k,16,50,44,668264,106214,562050,562050,110,561940,0,0.15894017933032453,5304169267200,0.15894017933032456
permanent_k,16,50,45,660612,106151,554461,554461,112,554349,0,0.16068584887952383,5232550477824,0.16068584887952386
permanent_k,16,50,46,677243,106058,571185,571185,110,571075,0,0.1566025783950517,5390377943040,0.15660257839505165
permanent_k,16,50,47,671844,106303,565541,565541,105,565436,0,0.1582257190657355,5337114476544,0.15822571906573546
quota_lru_k,16,50,0,750647,0,750647,750647,128,750519,750631,0.0,7083993858048,0.0
quota_lru_k,16,50,1,750519,0,750519,750519,128,750391,750503,0.0,7082785898496,0.0
quota_lru_k,16,50,2,695582,0,695582,695582,128,695454,695566,0.0,6564335321088,0.0
quota_lru_k,16,50,3,731407,0,731407,731407,128,731279,731391,0.0,6902422437888,0.0
quota_lru_k,16,50,4,707788,0,707788,707788,128,707660,707772,0.0,6679525588992,0.0
quota_lru_k,16,50,5,713851,0,713851,713851,128,713723,713835,0.0,6736743235584,0.0
quota_lru_k,16,50,6,711032,0,711032,711032,128,710904,711016,0.0,6710139813888,0.0
quota_lru_k,16,50,7,710291,0,710291,710291,128,710163,710275,0.0,6703146860544,0.0
quota_lru_k,16,50,8,731917,0,731917,731917,128,731789,731901,0.0,6907235401728,0.0
quota_lru_k,16,50,9,716962,0,716962,716962,128,716834,716946,0.0,6766102315008,0.0
quota_lru_k,16,50,10,715058,0,715058,715058,128,714930,715042,0.0,6748133916672,0.0
quota_lru_k,16,50,11,723738,0,723738,723738,128,723610,723722,0.0,6830048673792,0.0
quota_lru_k,16,50,12,702847,0,702847,702847,128,702719,702831,0.0,6632896462848,0.0
quota_lru_k,16,50,13,691573,0,691573,691573,128,691445,691557,0.0,6526501650432,0.0
quota_lru_k,16,50,14,696640,0,696640,696640,128,696512,696624,0.0,6574319861760,0.0
quota_lru_k,16,50,15,710387,0,710387,710387,128,710259,710371,0.0,6704052830208,0.0
quota_lru_k,16,50,16,677709,0,677709,677709,128,677581,677693,0.0,6395664531456,0.0
quota_lru_k,16,50,17,668368,0,668368,668368,128,668240,668352,0.0,6307511795712,0.0
quota_lru_k,16,50,18,696935,0,696935,696935,128,696807,696919,0.0,6577103831040,0.0
quota_lru_k,16,50,19,706924,0,706924,706924,128,706796,706908,0.0,6671371862016,0.0
quota_lru_k,16,50,20,716192,0,716192,716192,128,716064,716176,0.0,6758835683328,0.0
quota_lru_k,16,50,21,701005,0,701005,701005,128,700877,700989,0.0,6615513169920,0.0
quota_lru_k,16,50,22,710745,0,710745,710745,128,710617,710729,0.0,6707431342080,0.0
quota_lru_k,16,50,23,710831,0,710831,710831,128,710703,710815,0.0,6708242939904,0.0
quota_lru_k,16,50,24,702926,0,702926,702926,128,702798,702910,0.0,6633642000384,0.0
quota_lru_k,16,50,25,690120,0,690120,690120,128,689992,690104,0.0,6512789422080,0.0
quota_lru_k,16,50,26,705241,0,705241,705241,128,705113,705225,0.0,6655489081344,0.0
quota_lru_k,16,50,27,714223,0,714223,714223,128,714095,714207,0.0,6740253868032,0.0
quota_lru_k,16,50,28,683455,0,683455,683455,128,683327,683439,0.0,6449890590720,0.0
quota_lru_k,16,50,29,698769,0,698769,698769,128,698641,698753,0.0,6594411626496,0.0
quota_lru_k,16,50,30,698061,0,698061,698061,128,697933,698045,0.0,6587730100224,0.0
quota_lru_k,16,50,31,707311,0,707311,707311,128,707183,707295,0.0,6675024052224,0.0
quota_lru_k,16,50,32,723102,0,723102,723102,128,722974,723086,0.0,6824046624768,0.0
quota_lru_k,16,50,33,711496,0,711496,711496,128,711368,711480,0.0,6714518667264,0.0
quota_lru_k,16,50,34,709443,0,709443,709443,128,709315,709427,0.0,6695144128512,0.0
quota_lru_k,16,50,35,717922,0,717922,717922,128,717794,717906,0.0,6775162011648,0.0
quota_lru_k,16,50,36,707052,0,707052,707052,128,706924,707036,0.0,6672579821568,0.0
quota_lru_k,16,50,37,693096,0,693096,693096,128,692968,693080,0.0,6540874481664,0.0
quota_lru_k,16,50,38,703325,0,703325,703325,128,703197,703309,0.0,6637407436800,0.0
quota_lru_k,16,50,39,708552,0,708552,708552,128,708424,708536,0.0,6686735597568,0.0
quota_lru_k,16,50,40,690803,0,690803,690803,128,690675,690787,0.0,6519235018752,0.0
quota_lru_k,16,50,41,672413,0,672413,672413,128,672285,672397,0.0,6345685204992,0.0
quota_lru_k,16,50,42,663643,0,663643,663643,127,663516,663627,0.0,6262921101312,0.0
quota_lru_k,16,50,43,663285,0,663285,663285,125,663160,663269,0.0,6259542589440,0.0
quota_lru_k,16,50,44,668264,0,668264,668264,126,668138,668248,0.0,6306530328576,0.0
quota_lru_k,16,50,45,660612,0,660612,660612,128,660484,660596,0.0,6234316996608,0.0
quota_lru_k,16,50,46,677243,0,677243,677243,126,677117,677227,0.0,6391266803712,0.0
quota_lru_k,16,50,47,671844,0,671844,671844,121,671723,671828,0.0,6340315447296,0.0
permanent_k,32,50,0,750647,210015,540632,540632,96,540536,0,0.27977864428952626,5102043660288,0.27977864428952626
permanent_k,32,50,1,750519,210445,540074,540074,96,539978,0,0.28039929701979566,5096777711616,0.2803992970197956
permanent_k,32,50,2,695582,210751,484831,484831,96,484735,0,0.3029851261245978,4575439355904,0.3029851261245978
permanent_k,32,50,3,731407,210131,521276,521276,96,521180,0,0.2872969495780051,4919377526784,0.2872969495780051
permanent_k,32,50,4,707788,210737,497051,497051,96,496955,0,0.29774028381379736,4690761744384,0.29774028381379736
permanent_k,32,50,5,713851,210667,503184,503184,96,503088,0,0.2951134060189031,4748639993856,0.2951134060189031
permanent_k,32,50,6,711032,210826,500206,500206,96,500110,0,0.29650704890919116,4720536059904,0.2965070489091911
permanent_k,32,50,7,710291,210470,499821,499821,96,499725,0,0.2963151722322259,4716902744064,0.2963151722322259
permanent_k,32,50,8,731917,210228,521689,521689,96,521593,0,0.28722928965989314,4923275083776,0.28722928965989314
permanent_k,32,50,9,716962,210452,506510,506510,96,506414,0,0.2935329905908542,4780028067840,0.29353299059085414
permanent_k,32,50,10,715058,209743,505315,505315,96,505219,0,0.2933230591084919,4768750632960,0.2933230591084919
permanent_k,32,50,11,723738,209330,514408,514408,96,514312,0,0.2892345019882886,4854562947072,0.2892345019882886
permanent_k,32,50,12,702847,209851,492996,492996,96,492900,0,0.29857280460754615,4652493963264,0.2985728046075462
permanent_k,32,50,13,691573,210831,480742,480742,96,480646,0,0.3048571878890587,4536850710528,0.3048571878890587
permanent_k,32,50,14,696640,211272,485368,485368,96,485272,0,0.30327285254937986,4580507123712,0.30327285254937986
permanent_k,32,50,15,710387,210994,499393,499393,96,499297,0,0.29701275501944713,4712863629312,0.29701275501944713
permanent_k,32,50,16,677709,211204,466505,466505,96,466409,0,0.31164408322746195,4402493521920,0.31164408322746195
permanent_k,32,50,17,668368,211292,457076,457076,96,456980,0,0.3161312330931463,4313510313984,0.3161312330931463
permanent_k,32,50,18,696935,210934,486001,486001,96,485905,0,0.3026595019621629,4586480861184,0.30265950196216285
permanent_k,32,50,19,706924,210672,496252,496252,96,496156,0,0.2980122332810882,4683221434368,0.29801223328108817
permanent_k,32,50,20,716192,210703,505489,505489,96,505393,0,0.2941990415977838,4770392702976,0.2941990415977839
permanent_k,32,50,21,701005,210794,490211,490211,96,490115,0,0.3007025627491958,4626211405824,0.3007025627491958
permanent_k,32,50,22,710745,209874,500871,500871,96,500775,0,0.2952873393411139,4726811787264,0.29528733934111395
permanent_k,32,50,23,710831,210521,500310,500310,96,500214,0,0.2961618162404285,4721517527040,0.2961618162404285
permanent_k,32,50,24,702926,210267,492659,492659,96,492563,0,0.29913106073754564,4649313632256,0.2991310607375456
permanent_k,32,50,25,690120,211108,479012,479012,96,478916,0,0.30590042311482063,4520524382208,0.3059004231148206
permanent_k,32,50,26,705241,211296,493945,493945,96,493849,0,0.2996082190343443,4661449850880,0.2996082190343443
permanent_k,32,50,27,714223,211399,502824,502824,96,502728,0,0.2959845874467778,4745242607616,0.2959845874467778
permanent_k,32,50,28,683455,211295,472160,472160,96,472064,0,0.30915715006840244,4455860797440,0.3091571500684025
permanent_k,32,50,29,698769,210886,487883,487883,96,487787,0,0.3017964448909439,4604241641472,0.3017964448909439
permanent_k,32,50,30,698061,210881,487180,487180,96,487084,0,0.30209537561903615,4597607301120,0.3020953756190362
permanent_k,32,50,31,707311,211126,496185,496185,96,496089,0,0.2984910456644955,4682589143040,0.2984910456644956
permanent_k,32,50,32,723102,210697,512405,512405,96,512309,0,0.291379362800822,4835660267520,0.291379362800822
permanent_k,32,50,33,711496,210904,500592,500592,96,500496,0,0.29642331088298457,4724178812928,0.29642331088298457
permanent_k,32,50,34,709443,210320,499123,499123,96,499027,0,0.2964579254429179,4710315589632,0.29645792544291794
permanent_k,32,50,35,717922,210388,507534,507534,96,507438,0,0.29305133426751095,4789691744256,0.29305133426751095
permanent_k,32,50,36,707052,210064,496988,496988,96,496892,0,0.2970983746598553,4690167201792,0.29709837465985534
permanent_k,32,50,37,693096,211096,482000,482000,96,481904,0,0.3045696411463924,4548722688000,0.3045696411463924
permanent_k,32,50,38,703325,211119,492206,492206,96,492110,0,0.30017275086197703,4645038587904,0.30017275086197703
permanent_k,32,50,39,708552,210843,497709,497709,96,497613,0,0.2975688446296108,4696971411456,0.29756884462961086
permanent_k,32,50,40,690803,211076,479727,479727,96,479631,0,0.3055516551028296,4527271968768,0.30555165510282956
permanent_k,32,50,41,672413,211444,460969,460969,96,460873,0,0.3144555503834697,4350249271296,0.31445555038346973
permanent_k,32,50,42,663643,211755,451888,451888,95,451793,0,0.3190796859154696,4264550203392,0.31907968591546965
permanent_k,32,50,43,663285,211796,451489,451489,93,451396,0,0.3193137188388099,4260784766976,0.3193137188388099
permanent_k,32,50,44,668264,211382,456882,456882,94,456788,0,0.3163151089988388,4311679500288,0.31631510899883875
permanent_k,32,50,45,660612,211774,448838,448838,96,448742,0,0.320572438889999,4235766792192,0.320572438889999
permanent_k,32,50,46,677243,211455,465788,465788,94,465694,0,0.31222914079584435,4395727060992,0.3122291407958443
permanent_k,32,50,47,671844,211985,459859,459859,89,459770,0,0.31552711641392944,4339773997056,0.3155271164139294
quota_lru_k,32,50,0,750647,0,750647,750647,128,750519,750615,0.0,7083993858048,0.0
quota_lru_k,32,50,1,750519,0,750519,750519,128,750391,750487,0.0,7082785898496,0.0
quota_lru_k,32,50,2,695582,0,695582,695582,128,695454,695550,0.0,6564335321088,0.0
quota_lru_k,32,50,3,731407,6,731401,731401,128,731273,731369,8.203366935235784e-06,6902365814784,8.20336693518886e-06
quota_lru_k,32,50,4,707788,0,707788,707788,128,707660,707756,0.0,6679525588992,0.0
quota_lru_k,32,50,5,713851,0,713851,713851,128,713723,713819,0.0,6736743235584,0.0
quota_lru_k,32,50,6,711032,0,711032,711032,128,710904,711000,0.0,6710139813888,0.0
quota_lru_k,32,50,7,710291,0,710291,710291,128,710163,710259,0.0,6703146860544,0.0
quota_lru_k,32,50,8,731917,0,731917,731917,128,731789,731885,0.0,6907235401728,0.0
quota_lru_k,32,50,9,716962,0,716962,716962,128,716834,716930,0.0,6766102315008,0.0
quota_lru_k,32,50,10,715058,0,715058,715058,128,714930,715026,0.0,6748133916672,0.0
quota_lru_k,32,50,11,723738,5,723733,723733,128,723605,723701,6.908577413373348e-06,6830001487872,6.908577413367034e-06
quota_lru_k,32,50,12,702847,8,702839,702839,128,702711,702807,1.1382278077590143e-05,6632820965376,1.1382278077620711e-05
quota_lru_k,32,50,13,691573,0,691573,691573,128,691445,691541,0.0,6526501650432,0.0
quota_lru_k,32,50,14,696640,2,696638,696638,128,696510,696606,2.87092328892972e-06,6574300987392,2.870923288877947e-06
quota_lru_k,32,50,15,710387,0,710387,710387,128,710259,710355,0.0,6704052830208,0.0
quota_lru_k,32,50,16,677709,0,677709,677709,128,677581,677677,0.0,6395664531456,0.0
quota_lru_k,32,50,17,668368,0,668368,668368,128,668240,668336,0.0,6307511795712,0.0
quota_lru_k,32,50,18,696935,0,696935,696935,128,696807,696903,0.0,6577103831040,0.0
quota_lru_k,32,50,19,706924,0,706924,706924,128,706796,706892,0.0,6671371862016,0.0
quota_lru_k,32,50,20,716192,0,716192,716192,128,716064,716160,0.0,6758835683328,0.0
quota_lru_k,32,50,21,701005,4,701001,701001,128,700873,700969,5.7060933944836345e-06,6615475421184,5.706093394453049e-06
quota_lru_k,32,50,22,710745,1,710744,710744,128,710616,710712,1.4069743719618147e-06,6707421904896,1.4069743720090955e-06
quota_lru_k,32,50,23,710831,0,710831,710831,128,710703,710799,0.0,6708242939904,0.0
quota_lru_k,32,50,24,702926,9,702917,702917,128,702789,702885,1.280362371003491e-05,6633557065728,1.280362371003374e-05
quota_lru_k,32,50,25,690120,0,690120,690120,128,689992,690088,0.0,6512789422080,0.0
quota_lru_k,32,50,26,705241,0,705241,705241,128,705113,705209,0.0,6655489081344,0.0
quota_lru_k,32,50,27,714223,0,714223,714223,128,714095,714191,0.0,6740253868032,0.0
quota_lru_k,32,50,28,683455,0,683455,683455,128,683327,683423,0.0,6449890590720,0.0
quota_lru_k,32,50,29,698769,0,698769,698769,128,698641,698737,0.0,6594411626496,0.0
quota_lru_k,32,50,30,698061,0,698061,698061,128,697933,698029,0.0,6587730100224,0.0
quota_lru_k,32,50,31,707311,0,707311,707311,128,707183,707279,0.0,6675024052224,0.0
quota_lru_k,32,50,32,723102,0,723102,723102,128,722974,723070,0.0,6824046624768,0.0
quota_lru_k,32,50,33,711496,0,711496,711496,128,711368,711464,0.0,6714518667264,0.0
quota_lru_k,32,50,34,709443,0,709443,709443,128,709315,709411,0.0,6695144128512,0.0
quota_lru_k,32,50,35,717922,0,717922,717922,128,717794,717890,0.0,6775162011648,0.0
quota_lru_k,32,50,36,707052,0,707052,707052,128,706924,707020,0.0,6672579821568,0.0
quota_lru_k,32,50,37,693096,0,693096,693096,128,692968,693064,0.0,6540874481664,0.0
quota_lru_k,32,50,38,703325,0,703325,703325,128,703197,703293,0.0,6637407436800,0.0
quota_lru_k,32,50,39,708552,0,708552,708552,128,708424,708520,0.0,6686735597568,0.0
quota_lru_k,32,50,40,690803,0,690803,690803,128,690675,690771,0.0,6519235018752,0.0
quota_lru_k,32,50,41,672413,0,672413,672413,128,672285,672381,0.0,6345685204992,0.0
quota_lru_k,32,50,42,663643,0,663643,663643,127,663516,663611,0.0,6262921101312,0.0
quota_lru_k,32,50,43,663285,0,663285,663285,125,663160,663253,0.0,6259542589440,0.0
quota_lru_k,32,50,44,668264,0,668264,668264,126,668138,668232,0.0,6306530328576,0.0
quota_lru_k,32,50,45,660612,0,660612,660612,128,660484,660580,0.0,6234316996608,0.0
quota_lru_k,32,50,46,677243,0,677243,677243,126,677117,677211,0.0,6391266803712,0.0
quota_lru_k,32,50,47,671844,0,671844,671844,121,671723,671812,0.0,6340315447296,0.0
permanent_k,48,50,0,750647,313604,437043,437043,80,436963,0,0.41777826328487294,4124455206912,0.4177782632848729
permanent_k,48,50,1,750519,313747,436772,436772,80,436692,0,0.418040049618997,4121897730048,0.418040049618997
permanent_k,48,50,2,695582,314463,381119,381119,80,381039,0,0.4520861666920651,3596690128896,0.45208616669206503
permanent_k,48,50,3,731407,313523,417884,417884,80,417804,0,0.4286573686059882,3943648198656,0.42865736860598813
permanent_k,48,50,4,707788,314119,393669,393669,80,393589,0,0.44380379435650225,3715126788096,0.4438037943565022
permanent_k,48,50,5,713851,314216,399635,399635,80,399555,0,0.4401702876370559,3771429027840,0.4401702876370559
permanent_k,48,50,6,711032,312964,398068,398068,80,397988,0,0.44015459219838204,3756640960512,0.44015459219838204
permanent_k,48,50,7,710291,313708,396583,396583,80,396503,0,0.44166123462074,3742626742272,0.4416612346207399
permanent_k,48,50,8,731917,313771,418146,418146,80,418066,0,0.42869751624842706,3946120740864,0.4286975162484271
permanent_k,48,50,9,716962,314261,402701,402701,80,402621,0,0.438323091042482,3800363433984,0.438323091042482
permanent_k,48,50,10,715058,313040,402018,402018,80,401938,0,0.43778266937786864,3793917837312,0.4377826693778687
permanent_k,48,50,11,723738,312224,411514,411514,80,411434,0,0.43140473486261605,3883533336576,0.431404734862616
permanent_k,48,50,12,702847,312170,390677,390677,80,390597,0,0.4441507184351644,3686890733568,0.4441507184351644
permanent_k,48,50,13,691573,314172,377401,377401,80,377321,0,0.454286098502978,3561602678784,0.45428609850297796
permanent_k,48,50,14,696640,314385,382255,382255,80,382175,0,0.451287609095085,3607410769920,0.45128760909508503
permanent_k,48,50,15,710387,313685,396702,396702,80,396622,0,0.44156917285930064,3743749767168,0.44156917285930064
permanent_k,48,50,16,677709,315195,362514,362514,80,362434,0,0.4650889983754089,3421111320576,0.46508899837540896
permanent_k,48,50,17,668368,314356,354012,354012,80,353932,0,0.4703337083762239,3340876382208,0.4703337083762239
permanent_k,48,50,18,696935,313040,383895,383895,80,383815,0,0.44916670851657614,3622887751680,0.44916670851657614
permanent_k,48,50,19,706924,313442,393482,393482,80,393402,0,0.4433885396449972,3713362034688,0.44338853964499725
permanent_k,48,50,20,716192,313452,402740,402740,80,402660,0,0.4376647602877441,3800731484160,0.43766476028774404
permanent_k,48,50,21,701005,313681,387324,387324,80,387244,0,0.44747327051875524,3655247855616,0.4474732705187552
permanent_k,48,50,22,710745,312608,398137,398137,80,398057,0,0.439831444470239,3757292126208,0.4398314444702389
permanent_k,48,50,23,710831,313116,397715,397715,80,397635,0,0.440492887901625,3753309634560,0.440492887901625
permanent_k,48,50,24,702926,312740,390186,390186,80,390106,0,0.44491169767514643,3682257076224,0.4449116976751465
permanent_k,48,50,25,690120,312966,377154,377154,80,377074,0,0.4534950443401148,3559271694336,0.4534950443401148
permanent_k,48,50,26,705241,314231,391010,391010,80,390930,0,0.44556541664480653,3690033315840,0.44556541664480653
permanent_k,48,50,27,714223,313813,400410,400410,80,400330,0,0.4393767772810453,3778742845440,0.4393767772810453
permanent_k,48,50,28,683455,314932,368523,368523,80,368443,0,0.4607940537416509,3477819359232,0.46079405374165083
permanent_k,48,50,29,698769,314642,384127,384127,80,384047,0,0.45028042171304106,3625077178368,0.45028042171304106
permanent_k,48,50,30,698061,312909,385152,385152,80,385072,0,0.44825452216926603,3634750291968,0.448254522169266
permanent_k,48,50,31,707311,314004,393307,393307,80,393227,0,0.4439405014201674,3711710527488,0.4439405014201674
permanent_k,48,50,32,723102,313368,409734,409734,80,409654,0,0.43336624708547344,3866735149056,0.43336624708547344
permanent_k,48,50,33,711496,314056,397440,397440,80,397360,0,0.441402340982943,3750714408960,0.44140234098294295
permanent_k,48,50,34,709443,313629,395814,395814,80,395734,0,0.4420777990620811,3735369547776,0.4420777990620811
permanent_k,48,50,35,717922,314244,403678,403678,80,403598,0,0.43771328918740476,3809583562752,0.4377132891874047
permanent_k,48,50,36,707052,313438,393614,393614,80,393534,0,0.4433026142348795,3714607742976,0.4433026142348795
permanent_k,48,50,37,693096,314997,378099,378099,80,378019,0,0.4544781675265764,3568189833216,0.45447816752657644
permanent_k,48,50,38,703325,314609,388716,388716,80,388636,0,0.44731667436817973,3668384415744,0.4473166743681797
permanent_k,48,50,39,708552,314532,394020,394020,80,393940,0,0.44390813941672597,3718439239680,0.4439081394167259
permanent_k,48,50,40,690803,314537,376266,376266,80,376186,0,0.45532083676532964,3550891474944,0.45532083676532964
permanent_k,48,50,41,672413,315986,356427,356427,80,356347,0,0.46992845171048153,3363667181568,0.4699284517104815
permanent_k,48,50,42,663643,315918,347725,347725,79,347646,0,0.47603606155719264,3281544806400,0.4760360615571927
permanent_k,48,50,43,663285,315627,347658,347658,77,347581,0,0.47585427078857506,3280912515072,0.475854270788575
permanent_k,48,50,44,668264,315221,353043,353043,78,352965,0,0.47170130367639135,3331731750912,0.4717013036763914
permanent_k,48,50,45,660612,315747,344865,344865,80,344785,0,0.47796134493469694,3254554460160,0.4779613449346969
permanent_k,48,50,46,677243,315084,362159,362159,78,362081,0,0.46524511881259756,3417761120256,0.46524511881259756
permanent_k,48,50,47,671844,315809,356035,356035,73,355962,0,0.4700629908133436,3359967805440,0.4700629908133436
quota_lru_k,48,50,0,750647,8,750639,750639,128,750511,750591,1.0657472820113848e-05,7083918360576,1.06574728201414e-05
quota_lru_k,48,50,1,750519,33,750486,750486,128,750358,750438,4.396957305544563e-05,7082474471424,4.396957305541349e-05
quota_lru_k,48,50,2,695582,13,695569,695569,128,695441,695521,1.8689385291741305e-05,6564212637696,1.868938529170361e-05
quota_lru_k,48,50,3,731407,85,731322,731322,128,731194,731274,0.0001162143649158403,6901620277248,0.00011621436491582315
quota_lru_k,48,50,4,707788,38,707750,707750,128,707622,707702,5.3688392569526465e-05,6679166976000,5.368839256947311e-05
quota_lru_k,48,50,5,713851,13,713838,713838,128,713710,713790,1.8211083265275248e-05,6736620552192,1.8211083265273764e-05
quota_lru_k,48,50,6,711032,37,710995,710995,128,710867,710947,5.203703912060217e-05,6709790638080,5.2037039120600426e-05
quota_lru_k,48,50,7,710291,31,710260,710260,128,710132,710212,4.364408390363949e-05,6702854307840,4.364408390367114e-05
quota_lru_k,48,50,8,731917,30,731887,731887,128,731759,731839,4.098825413264072e-05,6906952286208,4.0988254132678925e-05
quota_lru_k,48,50,9,716962,37,716925,716925,128,716797,716877,5.1606640240347467e-05,6765753139200,5.160664024039807e-05
quota_lru_k,48,50,10,715058,27,715031,715031,128,714903,714983,3.775917478022762e-05,6747879112704,3.77591747802164e-05
quota_lru_k,48,50,11,723738,254,723484,723484,128,723356,723436,0.00035095573259936606,6827651629056,0.0003509557325993562
quota_lru_k,48,50,12,702847,369,702478,702478,128,702350,702430,0.0005250075763288454,6629414141952,0.0005250075763288953
quota_lru_k,48,50,13,691573,83,691490,691490,128,691362,691442,0.00012001625280339169,6525718364160,0.00012001625280344541
quota_lru_k,48,50,14,696640,27,696613,696613,128,696485,696565,3.875746440055122e-05,6574065057792,3.8757464400518415e-05
quota_lru_k,48,50,15,710387,24,710363,710363,128,710235,710315,3.378440202312261e-05,6703826337792,3.3784402023173676e-05
quota_lru_k,48,50,16,677709,20,677689,677689,128,677561,677641,2.9511191381551668e-05,6395475787776,2.951119138150382e-05
quota_lru_k,48,50,17,668368,5,668363,668363,128,668235,668315,7.4809087209441505e-06,6307464609792,7.480908720935986e-06
quota_lru_k,48,50,18,696935,33,696902,696902,128,696774,696854,4.735018330260354e-05,6576792403968,4.735018330259688e-05
quota_lru_k,48,50,19,706924,35,706889,706889,128,706761,706841,4.9510272674290304e-05,6671041560576,4.9510272674302414e-05
quota_lru_k,48,50,20,716192,22,716170,716170,128,716042,716122,3.071801974889415e-05,6758628065280,3.071801974885435e-05
quota_lru_k,48,50,21,701005,86,700919,700919,128,700791,700871,0.00012268100798139815,6614701572096,0.0001226810079814067
quota_lru_k,48,50,22,710745,48,710697,710697,128,710569,710649,6.75347698541671e-05,6706978357248,6.753476985421614e-05
quota_lru_k,48,50,23,710831,102,710729,710729,128,710601,710681,0.0001434940231925732,6707280347136,0.00014349402319258076
quota_lru_k,48,50,24,702926,283,702643,702643,128,702515,702595,0.00040260283443776444,6630971277312,0.0004026028344377153
quota_lru_k,48,50,25,690120,48,690072,690072,128,689944,690024,6.955312119631369e-05,6512336437248,6.955312119627521e-05
quota_lru_k,48,50,26,705241,31,705210,705210,128,705082,705162,4.395660490527352e-05,6655196528640,4.3956604905304175e-05
quota_lru_k,48,50,27,714223,24,714199,714199,128,714071,714151,3.360295033903977e-05,6740027375616,3.360295033905114e-05
quota_lru_k,48,50,28,683455,13,683442,683442,128,683314,683394,1.9021003577411828e-05,6449767907328,1.902100357742409e-05
quota_lru_k,48,50,29,698769,0,698769,698769,128,698641,698721,0.0,6594411626496,0.0
quota_lru_k,48,50,30,698061,12,698049,698049,128,697921,698001,1.7190474757936628e-05,6587616854016,1.719047475789992e-05
quota_lru_k,48,50,31,707311,5,707306,707306,128,707178,707258,7.069026213363004e-06,6674976866304,7.069026213391005e-06
quota_lru_k,48,50,32,723102,0,723102,723102,128,722974,723054,0.0,6824046624768,0.0
quota_lru_k,48,50,33,711496,20,711476,711476,128,711348,711428,2.8109785578555608e-05,6714329923584,2.8109785578545043e-05
quota_lru_k,48,50,34,709443,0,709443,709443,128,709315,709395,0.0,6695144128512,0.0
quota_lru_k,48,50,35,717922,17,717905,717905,128,717777,717857,2.3679452642487624e-05,6775001579520,2.3679452642477727e-05
quota_lru_k,48,50,36,707052,33,707019,707019,128,706891,706971,4.6672663396751584e-05,6672268394496,4.66726633967518e-05
quota_lru_k,48,50,37,693096,7,693089,693089,128,692961,693041,1.0099611020695547e-05,6540808421376,1.0099611020719657e-05
quota_lru_k,48,50,38,703325,0,703325,703325,128,703197,703277,0.0,6637407436800,0.0
quota_lru_k,48,50,39,708552,0,708552,708552,128,708424,708504,0.0,6686735597568,0.0
quota_lru_k,48,50,40,690803,0,690803,690803,128,690675,690755,0.0,6519235018752,0.0
quota_lru_k,48,50,41,672413,0,672413,672413,128,672285,672365,0.0,6345685204992,0.0
quota_lru_k,48,50,42,663643,0,663643,663643,127,663516,663595,0.0,6262921101312,0.0
quota_lru_k,48,50,43,663285,0,663285,663285,125,663160,663237,0.0,6259542589440,0.0
quota_lru_k,48,50,44,668264,0,668264,668264,126,668138,668216,0.0,6306530328576,0.0
quota_lru_k,48,50,45,660612,0,660612,660612,128,660484,660564,0.0,6234316996608,0.0
quota_lru_k,48,50,46,677243,0,677243,677243,126,677117,677195,0.0,6391266803712,0.0
quota_lru_k,48,50,47,671844,0,671844,671844,121,671723,671796,0.0,6340315447296,0.0
permanent_k,64,50,0,750647,415639,335008,335008,64,334944,0,0.5537076681849125,3161532137472,0.5537076681849125
permanent_k,64,50,1,750519,415142,335377,335377,64,335313,0,0.5531398938601154,3165014458368,0.5531398938601155
permanent_k,64,50,2,695582,416546,279036,279036,64,278972,0,0.5988452835179748,2633314074624,0.598845283517975
permanent_k,64,50,3,731407,414379,317028,317028,64,316964,0,0.5665504978760115,2991851569152,0.5665504978760116
permanent_k,64,50,4,707788,413161,294627,294627,64,294563,0,0.5837355253267927,2780449210368,0.5837355253267928
permanent_k,64,50,5,713851,413974,299877,299877,64,299813,0,0.5799165372045427,2829994426368,0.5799165372045427
permanent_k,64,50,6,711032,412781,298251,298251,64,298187,0,0.5805378660876023,2814649565184,0.5805378660876023
permanent_k,64,50,7,710291,414322,295969,295969,64,295905,0,0.583313036487862,2793113911296,0.583313036487862
permanent_k,64,50,8,731917,413880,318037,318037,64,317973,0,0.5654739540139114,3001373687808,0.5654739540139114
permanent_k,64,50,9,716962,412987,303975,303975,64,303911,0,0.5760235549443345,2868668006400,0.5760235549443345
permanent_k,64,50,10,715058,413243,301815,301815,64,301751,0,0.5779153579150222,2848283688960,0.5779153579150222
permanent_k,64,50,11,723738,413030,310708,310708,64,310644,0,0.5706899458091188,2932208566272,0.5706899458091188
permanent_k,64,50,12,702847,410094,292753,292753,64,292689,0,0.5834754932439066,2762763927552,0.5834754932439066
permanent_k,64,50,13,691573,412240,279333,279333,64,279269,0,0.5960903621165083,2636116918272,0.5960903621165083
permanent_k,64,50,14,696640,414168,282472,282472,64,282408,0,0.594522278364722,2665740238848,0.5945222783647222
permanent_k,64,50,15,710387,410580,299807,299807,64,299743,0,0.57796665761057,2829333823488,0.57796665761057
permanent_k,64,50,16,677709,415536,262173,262173,64,262109,0,0.6131481210962227,2474174840832,0.6131481210962227
permanent_k,64,50,17,668368,413489,254879,254879,64,254815,0,0.6186546932228951,2405340020736,0.6186546932228951
permanent_k,64,50,18,696935,410800,286135,286135,64,286071,0,0.5894380394154405,2700308643840,0.5894380394154405
permanent_k,64,50,19,706924,413588,293336,293336,64,293272,0,0.5850529901375536,2768265805824,0.5850529901375536
permanent_k,64,50,20,716192,412896,303296,303296,64,303232,0,0.5765157946472454,2862260158464,0.5765157946472454
permanent_k,64,50,21,701005,413100,287905,287905,64,287841,0,0.5892967953152973,2717012459520,0.5892967953152973
permanent_k,64,50,22,710745,412802,297943,297943,64,297879,0,0.580801834694581,2811742912512,0.580801834694581
permanent_k,64,50,23,710831,412784,298047,298047,64,297983,0,0.5807062438188543,2812724379648,0.5807062438188543
permanent_k,64,50,24,702926,410095,292831,292831,64,292767,0,0.5834113405963074,2763500027904,0.5834113405963075
permanent_k,64,50,25,690120,410749,279371,279371,64,279307,0,0.5951848953805136,2636475531264,0.5951848953805136
permanent_k,64,50,26,705241,411151,294090,294090,64,294026,0,0.5829936149486488,2775381442560,0.5829936149486488
permanent_k,64,50,27,714223,410501,303722,303722,64,303658,0,0.5747518632135902,2866280398848,0.5747518632135902
permanent_k,64,50,28,683455,415403,268052,268052,64,267988,0,0.6077986114667389,2529656045568,0.6077986114667389
permanent_k,64,50,29,698769,416587,282182,282182,64,282118,0,0.5961726979874608,2663003455488,0.5961726979874609
permanent_k,64,50,30,698061,411190,286871,286871,64,286807,0,0.5890459429763302,2707254411264,0.5890459429763302
permanent_k,64,50,31,707311,413133,294178,294178,64,294114,0,0.5840896013210596,2776211914752,0.5840896013210597
permanent_k,64,50,32,723102,413694,309408,309408,64,309344,0,0.5721101587327929,2919940227072,0.5721101587327928
permanent_k,64,50,33,711496,414465,297031,297031,64,296967,0,0.5825261139908025,2803136200704,0.5825261139908025
permanent_k,64,50,34,709443,414432,295011,295011,64,294947,0,0.5841653240640897,2784073089024,0.5841653240640897
permanent_k,64,50,35,717922,415353,302569,302569,64,302505,0,0.5785489231420684,2855399325696,0.5785489231420684
permanent_k,64,50,36,707052,412778,294274,294274,64,294210,0,0.583801474290434,2777117884416,0.583801474290434
permanent_k,64,50,37,693096,416042,277054,277054,64,276990,0,0.6002660526103166,2614609575936,0.6002660526103166
permanent_k,64,50,38,703325,414229,289096,289096,64,289032,0,0.5889581630114101,2728252145664,0.58895816301141
permanent_k,64,50,39,708552,414583,293969,293969,64,293905,0,0.5851130192279466,2774239543296,0.5851130192279466
permanent_k,64,50,40,690803,415301,275502,275502,64,275438,0,0.6011858663034179,2599963066368,0.601185866303418
permanent_k,64,50,41,672413,418656,253757,253757,64,253693,0,0.6226173497537971,2394751500288,0.6226173497537971
permanent_k,64,50,42,663643,417710,245933,245933,63,245870,0,0.6294197331999283,2320914972672,0.6294197331999283
permanent_k,64,50,43,663285,416542,246743,246743,61,246682,0,0.6279985225054087,2328559091712,0.6279985225054087
permanent_k,64,50,44,668264,415809,252455,252455,62,252393,0,0.6222226545197707,2382464286720,0.6222226545197707
permanent_k,64,50,45,660612,415683,244929,244929,64,244865,0,0.62923925087646,2311440039936,0.6292392508764599
permanent_k,64,50,46,677243,416074,261169,261169,62,261107,0,0.6143644157267037,2464699908096,0.6143644157267036
permanent_k,64,50,47,671844,416324,255520,255520,57,255463,0,0.6196736147081763,2411389255680,0.6196736147081763
quota_lru_k,64,50,0,750647,101,750546,750546,128,750418,750482,0.00013455059435393734,7083040702464,0.000134550594353966
quota_lru_k,64,50,1,750519,601,749918,749918,128,749790,749854,0.0008007791941309946,7077114150912,0.0008007791941310183
quota_lru_k,64,50,2,695582,103,695479,695479,128,695351,695415,0.0001480774373114888,6563363291136,0.00014807743731148904
quota_lru_k,64,50,3,731407,753,730654,730654,128,730526,730590,0.001029522550372091,6895316238336,0.0010295225503721417
quota_lru_k,64,50,4,707788,781,707007,707007,128,706879,706943,0.001103437752547373,6672155148288,0.0011034377525473982
quota_lru_k,64,50,5,713851,311,713540,713540,128,713412,713476,0.0004356651458077386,6733808271360,0.00043566514580772875
quota_lru_k,64,50,6,711032,618,710414,710414,128,710286,710350,0.000869159193960328,6704307634176,0.000869159193960356
quota_lru_k,64,50,7,710291,402,709889,709889,128,709761,709825,0.0005659652170730025,6699353112576,0.0005659652170729723
quota_lru_k,64,50,8,731917,420,731497,731497,128,731369,731433,0.0005738355578569701,6903271784448,0.0005738355578569498
quota_lru_k,64,50,9,716962,746,716216,716216,128,716088,716152,0.0010405014491702488,6759062175744,0.001040501449170228
quota_lru_k,64,50,10,715058,562,714496,714496,128,714368,714432,0.0007859502306106637,6742830219264,0.0007859502306106769
quota_lru_k,64,50,11,723738,1068,722670,722670,128,722542,722606,0.001475672135496547,6819969761280,0.0014756721354965974
quota_lru_k,64,50,12,702847,1242,701605,701605,128,701477,701541,0.0017670986715458698,6621175480320,0.001767098671545897
quota_lru_k,64,50,13,691573,1076,690497,690497,128,690369,690433,0.0015558733495957765,6516347240448,0.0015558733495957267
quota_lru_k,64,50,14,696640,621,696019,696019,128,695891,695955,0.0008914216812126779,6568459370496,0.0008914216812127007
quota_lru_k,64,50,15,710387,672,709715,709715,128,709587,709651,0.000945963256647433,6697711042560,0.0009459632566474196
quota_lru_k,64,50,16,677709,307,677402,677402,128,677274,677338,0.0004529967877068181,6392767315968,0.0004529967877068275
quota_lru_k,64,50,17,668368,410,667958,667958,128,667830,667894,0.0006134345151174203,6303642550272,0.000613434515117417
quota_lru_k,64,50,18,696935,618,696317,696317,128,696189,696253,0.0008867397963942117,6571271651328,0.0008867397963941981
quota_lru_k,64,50,19,706924,440,706484,706484,128,706356,706420,0.0006224148564767924,6667219501056,0.0006224148564767384
quota_lru_k,64,50,20,716192,740,715452,715452,128,715324,715388,0.0010332424824628032,6751852167168,0.0010332424824628372
quota_lru_k,64,50,21,701005,1100,699905,699905,128,699777,699841,0.0015691756834829995,6605132267520,0.0015691756834830262
quota_lru_k,64,50,22,710745,1042,709703,709703,128,709575,709639,0.001466067295584211,6697597796352,0.0014660672955841836
quota_lru_k,64,50,23,710831,976,709855,709855,128,709727,709791,0.001373040849372073,6699032248320,0.0013730408493720647
quota_lru_k,64,50,24,702926,1292,701634,701634,128,701506,701570,0.001838031314818345,6621449158656,0.0018380313148183003
quota_lru_k,64,50,25,690120,1089,689031,689031,128,688903,688967,0.0015779864371413667,6502512328704,0.0015779864371413543
quota_lru_k,64,50,26,705241,521,704720,704720,128,704592,704656,0.0007387545534079839,6650572308480,0.0007387545534079942
quota_lru_k,64,50,27,714223,708,713515,713515,128,713387,713451,0.0009912870350016732,6733572341760,0.00099128703500162
quota_lru_k,64,50,28,683455,396,683059,683059,128,682931,682995,0.000579409032050391,6446153465856,0.0005794090320503376
quota_lru_k,64,50,29,698769,238,698531,698531,128,698403,698467,0.00034059896761304525,6592165576704,0.0003405989676130705
quota_lru_k,64,50,30,698061,302,697759,697759,128,697631,697695,0.00043262694807473843,6584880070656,0.00043262694807477686
quota_lru_k,64,50,31,707311,212,707099,707099,128,706971,707035,0.00029972671144659136,6673023369216,0.000299726711446624
quota_lru_k,64,50,32,723102,171,722931,722931,128,722803,722867,0.00023648116033422672,6822432866304,0.00023648116033425648
quota_lru_k,64,50,33,711496,327,711169,711169,128,711041,711105,0.00045959499420938416,6711432708096,0.0004595949942093336
quota_lru_k,64,50,34,709443,290,709153,709153,128,709025,709089,0.00040877138825811234,6692407345152,0.0004087713882581223
quota_lru_k,64,50,35,717922,601,717321,717321,128,717193,717257,0.000837138296360886,6769490264064,0.0008371382963608953
quota_lru_k,64,50,36,707052,963,706089,706089,128,705961,706025,0.0013619931773052052,6663491813376,0.0013619931773052318
quota_lru_k,64,50,37,693096,368,692728,692728,128,692600,692664,0.0005309509793737087,6537401597952,0.0005309509793737233
quota_lru_k,64,50,38,703325,142,703183,703183,128,703055,703119,0.00020189812675505635,6636067356672,0.00020189812675508456
quota_lru_k,64,50,39,708552,134,708418,708418,128,708290,708354,0.00018911808872178754,6685471014912,0.0001891180887217958
quota_lru_k,64,50,40,690803,88,690715,690715,128,690587,690651,0.00012738798181247043,6518404546560,0.00012738798181244348
quota_lru_k,64,50,41,672413,152,672261,672261,128,672133,672197,0.00022605154867618563,6344250753024,0.00022605154867616495
quota_lru_k,64,50,42,663643,107,663536,663536,127,663409,663472,0.00016123126439968478,6261911322624,0.00016123126439970825
quota_lru_k,64,50,43,663285,66,663219,663219,125,663094,663155,9.950473778240123e-05,6258919735296,9.950473778241875e-05
quota_lru_k,64,50,44,668264,90,668174,668174,126,668048,668110,0.0001346773131576742,6305680982016,0.00013467731315763842
quota_lru_k,64,50,45,660612,34,660578,660578,128,660450,660514,5.146742717359055e-05,6233996132352,5.146742717354602e-05
quota_lru_k,64,50,46,677243,45,677198,677198,126,677072,677134,6.644586950326544e-05,6390842130432,6.644586950321774e-05
quota_lru_k,64,50,47,671844,96,671748,671748,121,671627,671684,0.00014289031382285172,6339409477632,0.0001428903138228632
permanent_k,96,50,0,750647,610144,140503,140503,32,140471,0,0.812824137044443,1325952663552,0.812824137044443
permanent_k,96,50,1,750519,605360,145159,145159,32,145127,0,0.8065885074195324,1369892192256,0.8065885074195324
permanent_k,96,50,2,695582,603054,92528,92528,32,92496,0,0.8669775813635201,873203761152,0.8669775813635201
permanent_k,96,50,3,731407,602848,128559,128559,32,128527,0,0.8242305583621704,1213234937856,0.8242305583621704
permanent_k,96,50,4,707788,600188,107600,107600,32,107568,0,0.8479770778820777,1015440998400,0.8479770778820777
permanent_k,96,50,5,713851,602214,111637,111637,32,111605,0,0.8436130228857283,1053538910208,0.8436130228857283
permanent_k,96,50,6,711032,599589,111443,111443,32,111411,0,0.843265844575209,1051708096512,0.843265844575209
permanent_k,96,50,7,710291,600386,109905,109905,32,109873,0,0.8452676438248549,1037193707520,0.8452676438248549
permanent_k,96,50,8,731917,601726,130191,130191,32,130159,0,0.822123273540579,1228636422144,0.822123273540579
permanent_k,96,50,9,716962,596161,120801,120801,32,120769,0,0.8315098987115077,1140021264384,0.8315098987115077
permanent_k,96,50,10,715058,598600,116458,116458,32,116426,0,0.8371348897571945,1099035574272,0.8371348897571945
permanent_k,96,50,11,723738,599569,124169,124169,32,124137,0,0.828433770231769,1171805700096,0.828433770231769
permanent_k,96,50,12,702847,593238,109609,109609,32,109577,0,0.8440499852741777,1034400301056,0.8440499852741777
permanent_k,96,50,13,691573,593280,98293,98293,32,98261,0,0.857870391122846,927609126912,0.857870391122846
permanent_k,96,50,14,696640,588368,108272,108272,32,108240,0,0.8445796968305007,1021782786048,0.8445796968305007
permanent_k,96,50,15,710387,592745,117642,117642,32,117610,0,0.8343973073831588,1110209200128,0.8343973073831588
permanent_k,96,50,16,677709,595676,82033,82033,32,82001,0,0.8789554218698586,774160515072,0.8789554218698586
permanent_k,96,50,17,668368,585799,82569,82569,32,82537,0,0.8764617695640725,779218845696,0.8764617695640725
permanent_k,96,50,18,696935,595079,101856,101856,32,101824,0,0.853851506955455,961233813504,0.853851506955455
permanent_k,96,50,19,706924,595346,111578,111578,32,111546,0,0.8421640798728011,1052982116352,0.8421640798728011
permanent_k,96,50,20,716192,598874,117318,117318,32,117286,0,0.8361919708681471,1107151552512,0.8361919708681471
permanent_k,96,50,21,701005,592701,108304,108304,32,108272,0,0.8455018152509611,1022084775936,0.8455018152509611
permanent_k,96,50,22,710745,594045,116700,116700,32,116668,0,0.8358060907920563,1101319372800,0.8358060907920563
permanent_k,96,50,23,710831,591819,119012,119012,32,118980,0,0.832573424625544,1123138142208,0.8325734246255438
permanent_k,96,50,24,702926,591067,111859,111859,32,111827,0,0.8408666061576894,1055633965056,0.8408666061576895
permanent_k,96,50,25,690120,588192,101928,101928,32,101896,0,0.8523039471396279,961913290752,0.8523039471396279
permanent_k,96,50,26,705241,591294,113947,113947,32,113915,0,0.8384282819631871,1075338805248,0.8384282819631871
permanent_k,96,50,27,714223,590503,123720,123720,32,123688,0,0.82677679100225,1167568404480,0.82677679100225
permanent_k,96,50,28,683455,594441,89014,89014,32,88982,0,0.8697587990430972,840041496576,0.8697587990430972
permanent_k,96,50,29,698769,594184,104585,104585,32,104553,0,0.8503296511436541,986987888640,0.850329651143654
permanent_k,96,50,30,698061,592732,105329,105329,32,105297,0,0.8491120403517745,994009153536,0.8491120403517745
permanent_k,96,50,31,707311,596917,110394,110394,32,110362,0,0.8439243840404009,1041808490496,0.8439243840404009
permanent_k,96,50,32,723102,598557,124545,124545,32,124513,0,0.8277628882232382,1175354081280,0.8277628882232382
permanent_k,96,50,33,711496,597303,114193,114193,32,114161,0,0.8395029627714,1077660352512,0.8395029627714
permanent_k,96,50,34,709443,594947,114496,114496,32,114464,0,0.8386114176896523,1080519819264,0.8386114176896523
permanent_k,96,50,35,717922,599811,118111,118111,32,118079,0,0.8354821275848908,1114635239424,0.8354821275848908
permanent_k,96,50,36,707052,595108,111944,111944,32,111912,0,0.8416750111731528,1056436125696,0.8416750111731528
permanent_k,96,50,37,693096,596695,96401,96401,32,96369,0,0.860912485427704,909753974784,0.8609124854277042
permanent_k,96,50,38,703325,594480,108845,108845,32,108813,0,0.8452422422066612,1027190292480,0.8452422422066612
permanent_k,96,50,39,708552,600590,107962,107962,32,107930,0,0.8476300963090924,1018857259008,0.8476300963090924
permanent_k,96,50,40,690803,599601,91202,91202,32,91170,0,0.8679768327583985,860690055168,0.8679768327583985
permanent_k,96,50,41,672413,596945,75468,75468,32,75436,0,0.8877654060822738,712205402112,0.8877654060822738
permanent_k,96,50,42,663643,595877,67766,67766,31,67735,0,0.8978878704363641,639520210944,0.8978878704363641
permanent_k,96,50,43,663285,595174,68111,68111,29,68082,0,0.8973126182561041,642776039424,0.8973126182561041
permanent_k,96,50,44,668264,595556,72708,72708,30,72678,0,0.891198687943687,686158774272,0.891198687943687
permanent_k,96,50,45,660612,590046,70566,70566,32,70534,0,0.8931808686490709,665944326144,0.8931808686490709
permanent_k,96,50,46,677243,601540,75703,75703,30,75673,0,0.8882188520220955,714423140352,0.8882188520220955
permanent_k,96,50,47,671844,601008,70836,70836,25,70811,0,0.8945648096879633,668492365824,0.8945648096879633
quota_lru_k,96,50,0,750647,15522,735125,735125,128,734997,735029,0.020678161639225895,6937509888000,0.020678161639225867
quota_lru_k,96,50,1,750519,16328,734191,734191,128,734063,734095,0.021755611783312614,6928695558144,0.021755611783312645
quota_lru_k,96,50,2,695582,33937,661645,661645,128,661517,661549,0.04878935912660189,6244065607680,0.04878935912660187
quota_lru_k,96,50,3,731407,24324,707083,707083,128,706955,706987,0.03325644955544587,6672872374272,0.03325644955544582
quota_lru_k,96,50,4,707788,31261,676527,676527,128,676399,676431,0.04416718000305176,6384509779968,0.044167180003051754
quota_lru_k,96,50,5,713851,27340,686511,686511,128,686383,686415,0.03829930895943271,6478730625024,0.038299308959432676
quota_lru_k,96,50,6,711032,31661,679371,679371,128,679243,679275,0.04452823501614555,6411349131264,0.044528235016145556
quota_lru_k,96,50,7,710291,30378,679913,679913,128,679785,679817,0.04276838647821808,6416464084992,0.04276838647821812
quota_lru_k,96,50,8,731917,27273,704644,704644,128,704516,704548,0.03726242183198368,6649855082496,0.037262421831983694
quota_lru_k,96,50,9,716962,37056,679906,679906,128,679778,679810,0.051684747587738264,6416398024704,0.05168474758773822
quota_lru_k,96,50,10,715058,38819,676239,676239,128,676111,676143,0.05428790391828355,6381791870976,0.05428790391828353
quota_lru_k,96,50,11,723738,37081,686657,686657,128,686529,686561,0.051235391813059424,6480108453888,0.05123539181305947
quota_lru_k,96,50,12,702847,47657,655190,655190,128,655062,655094,0.06780565329296419,6183148584960,0.06780565329296417
quota_lru_k,96,50,13,691573,57930,633643,633643,128,633515,633547,0.08376556054096965,5979805581312,0.08376556054096962
quota_lru_k,96,50,14,696640,51850,644790,644790,128,644662,644694,0.07442868626550299,6085001871360,0.07442868626550303
quota_lru_k,96,50,15,710387,43072,667315,667315,128,667187,667219,0.06063174016416404,6297574440960,0.06063174016416406
quota_lru_k,96,50,16,677709,68782,608927,608927,128,608799,608831,0.10149193828029435,5746556141568,0.10149193828029435
quota_lru_k,96,50,17,668368,99315,569053,569053,128,568925,568957,0.14859328992411366,5370257866752,0.1485932899241137
quota_lru_k,96,50,18,696935,41479,655456,655456,128,655328,655360,0.05951631070329371,6185658875904,0.05951631070329366
quota_lru_k,96,50,19,706924,33924,673000,673000,128,672872,672904,0.047988185434360696,6351224832000,0.047988185434360675
quota_lru_k,96,50,20,716192,33439,682753,682753,128,682625,682657,0.04668999374469416,6443265687552,0.04668999374469418
quota_lru_k,96,50,21,701005,49895,651110,651110,128,650982,651014,0.07117638247944023,6144644874240,0.07117638247944025
quota_lru_k,96,50,22,710745,47743,663002,663002,128,662874,662906,0.06717317744057293,6256871866368,0.06717317744057294
quota_lru_k,96,50,23,710831,47145,663686,663686,128,663558,663590,0.0663237816020967,6263326900224,0.06632378160209673
quota_lru_k,96,50,24,702926,54642,648284,648284,128,648156,648188,0.07773506741819196,6117975392256,0.07773506741819192
quota_lru_k,96,50,25,690120,69508,620612,620612,128,620484,620516,0.10071871558569524,5856829636608,0.10071871558569523
quota_lru_k,96,50,26,705241,49902,655339,655339,128,655211,655243,0.0707587902575148,6184554725376,0.07075879025751486
quota_lru_k,96,50,27,714223,45412,668811,668811,128,668683,668715,0.06358238253318642,6311692468224,0.06358238253318638
quota_lru_k,96,50,28,683455,62930,620525,620525,128,620397,620429,0.09207628885588663,5856008601600,0.09207628885588659
quota_lru_k,96,50,29,698769,47399,651370,651370,128,651242,651274,0.06783214481466694,6147098542080,0.06783214481466693
quota_lru_k,96,50,30,698061,43029,655032,655032,128,654904,654936,0.061640744863271264,6181657509888,0.06164074486327131
quota_lru_k,96,50,31,707311,35208,672103,672103,128,671975,672007,0.04977725498401693,6342759677952,0.04977725498401697
quota_lru_k,96,50,32,723102,29656,693446,693446,128,693318,693350,0.04101219468346098,6544177496064,0.041012194683460956
quota_lru_k,96,50,33,711496,42190,669306,669306,128,669178,669210,0.05929759267796305,6316363874304,0.059297592677963085
quota_lru_k,96,50,34,709443,45688,663755,663755,128,663627,663659,0.06439981788529875,6263978065920,0.0643998178852987
quota_lru_k,96,50,35,717922,39055,678867,678867,128,678739,678771,0.05440006017366789,6406592790528,0.05440006017366794
quota_lru_k,96,50,36,707052,44903,662149,662149,128,662021,662053,0.06350735165164656,6248821948416,0.06350735165164656
quota_lru_k,96,50,37,693096,52496,640600,640600,128,640472,640504,0.07574131144891905,6045460070400,0.07574131144891905
quota_lru_k,96,50,38,703325,40626,662699,662699,128,662571,662603,0.05776276970106281,6254012399616,0.057762769701062755
quota_lru_k,96,50,39,708552,39668,668884,668884,128,668756,668788,0.05598459957773036,6312381382656,0.05598459957773039
quota_lru_k,96,50,40,690803,47179,643624,643624,128,643496,643528,0.0682958817492107,6073998114816,0.06829588174921075
quota_lru_k,96,50,41,672413,83702,588711,588711,128,588583,588615,0.12448004425851374,5555774029824,0.12448004425851378
quota_lru_k,96,50,42,663643,112962,550681,550681,127,550554,550585,0.17021501017866533,5196877922304,0.17021501017866536
quota_lru_k,96,50,43,663285,108374,554911,554911,125,554786,554815,0.16338979473378715,5236797210624,0.16338979473378712
quota_lru_k,96,50,44,668264,87021,581243,581243,126,581117,581147,0.1302194940921552,5485297139712,0.13021949409215516
quota_lru_k,96,50,45,660612,119535,541077,541077,128,540949,540981,0.18094585021162196,5106243207168,0.1809458502116219
quota_lru_k,96,50,46,677243,57135,620108,620108,126,619982,620012,0.08436410564597936,5852073295872,0.0843641056459794
quota_lru_k,96,50,47,671844,81323,590521,590521,121,590400,590425,0.12104446865641429,5572855332864,0.12104446865641427
full_resident,128,50,0,750647,750647,0,0,0,0,0,1.0,0,1.0
full_resident,128,50,1,750519,750519,0,0,0,0,0,1.0,0,1.0
full_resident,128,50,2,695582,695582,0,0,0,0,0,1.0,0,1.0
full_resident,128,50,3,731407,731407,0,0,0,0,0,1.0,0,1.0
full_resident,128,50,4,707788,707788,0,0,0,0,0,1.0,0,1.0
full_resident,128,50,5,713851,713851,0,0,0,0,0,1.0,0,1.0
full_resident,128,50,6,711032,711032,0,0,0,0,0,1.0,0,1.0
full_resident,128,50,7,710291,710291,0,0,0,0,0,1.0,0,1.0
full_resident,128,50,8,731917,731917,0,0,0,0,0,1.0,0,1.0
full_resident,128,50,9,716962,716962,0,0,0,0,0,1.0,0,1.0
full_resident,128,50,10,715058,715058,0,0,0,0,0,1.0,0,1.0
full_resident,128,50,11,723738,723738,0,0,0,0,0,1.0,0,1.0
full_resident,128,50,12,702847,702847,0,0,0,0,0,1.0,0,1.0
full_resident,128,50,13,691573,691573,0,0,0,0,0,1.0,0,1.0
full_resident,128,50,14,696640,696640,0,0,0,0,0,1.0,0,1.0
full_resident,128,50,15,710387,710387,0,0,0,0,0,1.0,0,1.0
full_resident,128,50,16,677709,677709,0,0,0,0,0,1.0,0,1.0
full_resident,128,50,17,668368,668368,0,0,0,0,0,1.0,0,1.0
full_resident,128,50,18,696935,696935,0,0,0,0,0,1.0,0,1.0
full_resident,128,50,19,706924,706924,0,0,0,0,0,1.0,0,1.0
full_resident,128,50,20,716192,716192,0,0,0,0,0,1.0,0,1.0
full_resident,128,50,21,701005,701005,0,0,0,0,0,1.0,0,1.0
full_resident,128,50,22,710745,710745,0,0,0,0,0,1.0,0,1.0
full_resident,128,50,23,710831,710831,0,0,0,0,0,1.0,0,1.0
full_resident,128,50,24,702926,702926,0,0,0,0,0,1.0,0,1.0
full_resident,128,50,25,690120,690120,0,0,0,0,0,1.0,0,1.0
full_resident,128,50,26,705241,705241,0,0,0,0,0,1.0,0,1.0
full_resident,128,50,27,714223,714223,0,0,0,0,0,1.0,0,1.0
full_resident,128,50,28,683455,683455,0,0,0,0,0,1.0,0,1.0
full_resident,128,50,29,698769,698769,0,0,0,0,0,1.0,0,1.0
full_resident,128,50,30,698061,698061,0,0,0,0,0,1.0,0,1.0
full_resident,128,50,31,707311,707311,0,0,0,0,0,1.0,0,1.0
full_resident,128,50,32,723102,723102,0,0,0,0,0,1.0,0,1.0
full_resident,128,50,33,711496,711496,0,0,0,0,0,1.0,0,1.0
full_resident,128,50,34,709443,709443,0,0,0,0,0,1.0,0,1.0
full_resident,128,50,35,717922,717922,0,0,0,0,0,1.0,0,1.0
full_resident,128,50,36,707052,707052,0,0,0,0,0,1.0,0,1.0
full_resident,128,50,37,693096,693096,0,0,0,0,0,1.0,0,1.0
full_resident,128,50,38,703325,703325,0,0,0,0,0,1.0,0,1.0
full_resident,128,50,39,708552,708552,0,0,0,0,0,1.0,0,1.0
full_resident,128,50,40,690803,690803,0,0,0,0,0,1.0,0,1.0
full_resident,128,50,41,672413,672413,0,0,0,0,0,1.0,0,1.0
full_resident,128,50,42,663643,663643,0,0,0,0,0,1.0,0,1.0
full_resident,128,50,43,663285,663285,0,0,0,0,0,1.0,0,1.0
full_resident,128,50,44,668264,668264,0,0,0,0,0,1.0,0,1.0
full_resident,128,50,45,660612,660612,0,0,0,0,0,1.0,0,1.0
full_resident,128,50,46,677243,677243,0,0,0,0,0,1.0,0,1.0
full_resident,128,50,47,671844,671844,0,0,0,0,0,1.0,0,1.0
