policy,k,bmax,waves,runtime_prefill_seconds,runtime_decode_seconds,runtime_e2e_seconds,warmup_wave_e2e_seconds,steady_full_wave_e2e_median_seconds,last_wave_batch_size,last_wave_e2e_seconds,decode_active_expert_executions,decode_expert_fetch_misses,decode_permanent_hits,decode_fetch_miss_rate_pct,decode_fetches_per_generated_token,decode_active_expert_executions_per_generated_token,prefill_tokens,prefill_h2d_overlap_pct,prefill_profile_wall_ms,prefill_profile_wall_us_per_token,prefill_raw_h2d_ms,prefill_raw_h2d_us_per_token,prefill_exposed_h2d_ms,prefill_exposed_h2d_us_per_token,prefill_overlapped_h2d_ms,prefill_overlapped_h2d_us_per_token,prefill_compute_stream_h2d_wait_ms,prefill_compute_stream_h2d_wait_us_per_token,prefill_first_miss_stall_ms,prefill_first_miss_stall_us_per_token,prefill_attention_ms,prefill_attention_us_per_token,prefill_router_module_ms,prefill_router_module_us_per_token,prefill_expert_execution_ms,prefill_expert_execution_us_per_token,prefill_residual_dense_dispatch_host_sync_idle_ms,prefill_residual_dense_dispatch_host_sync_idle_us_per_token,prefill_non_h2d_wall_ms,prefill_non_h2d_wall_us_per_token,prefill_attention_wall_pct,prefill_router_module_wall_pct,prefill_expert_execution_wall_pct,prefill_exposed_h2d_wall_pct,prefill_residual_dense_dispatch_host_sync_idle_wall_pct,decode_tokens,decode_h2d_overlap_pct,decode_profile_wall_ms,decode_profile_wall_us_per_token,decode_raw_h2d_ms,decode_raw_h2d_us_per_token,decode_exposed_h2d_ms,decode_exposed_h2d_us_per_token,decode_overlapped_h2d_ms,decode_overlapped_h2d_us_per_token,decode_compute_stream_h2d_wait_ms,decode_compute_stream_h2d_wait_us_per_token,decode_first_miss_stall_ms,decode_first_miss_stall_us_per_token,decode_attention_ms,decode_attention_us_per_token,decode_router_module_ms,decode_router_module_us_per_token,decode_expert_execution_ms,decode_expert_execution_us_per_token,decode_residual_dense_dispatch_host_sync_idle_ms,decode_residual_dense_dispatch_host_sync_idle_us_per_token,decode_non_h2d_wall_ms,decode_non_h2d_wall_us_per_token,decode_attention_wall_pct,decode_router_module_wall_pct,decode_expert_execution_wall_pct,decode_exposed_h2d_wall_pct,decode_residual_dense_dispatch_host_sync_idle_wall_pct,decode_fetch_reduction_vs_k0_pct
stream2,0,60,4,43.08478932606522,662.6101494400064,705.6949387660716,177.39979787601624,196.92984908554354,20,134.43544271896826,2488403,2488403,0,100.0,97.2032421875,97.2032421875,245760,89.28750052502254,11744.222928013187,47.78736542974116,1096.2203835994005,4.46053215982829,117.43260283768177,0.47783448420280666,978.7877807617188,3.982697675625483,94.69193629641086,0.3853024751644322,6.891776032745838,0.02804270846657649,3771.3562774658203,15.345687977969646,187.8973104953766,0.7645561136693383,5936.0871691815555,24.154000525641095,1731.4495680327527,7.045286328258271,11626.790325175505,47.30953094553835,32.112437754141254,1.5999126689530907,50.54474191751216,0.9999180325296182,14.742989626863872,7680,21.239753397095807,182299.12615800276,23736.86538515661,117156.82768927515,15254.795272041034,92273.00640021265,12014.714375027688,24883.8212890625,3240.080897013346,83990.16007497301,10936.218759762112,828.7887357301079,107.91519996485779,9899.900158524513,1289.0494998078793,267.0517440959811,34.772362512497544,25972.61651999131,3381.8511093738684,53886.551335178316,7016.478038434677,90026.11975779012,11722.151010128922,5.430580149870848,0.14649096225755978,14.2472523414513,50.61626368973242,29.559412856687874,0.0
permanent_k,2,59,4,38.76885880797636,620.8924718190101,659.6613306269865,174.08415365603287,174.5134260019986,23,136.5503249669564,2517531,2468915,48616,98.06890163418048,96.4419921875,98.3410546875,241664,89.54866751434929,11713.175545970444,48.46884743267695,1077.6089279949665,4.459120630275781,112.62449195981026,0.46603752300636525,964.9844360351562,3.9930831072694164,91.12681634328328,0.37708064231032873,6.396736033493653,0.02646954463012138,3857.3711318969727,15.961711847428548,182.69881629943848,0.7560034440356797,5848.656066395342,24.20160249931865,1711.82503941888,7.083492118887712,11600.551054010633,48.00280990967059,32.93189892662355,1.55977186188668,49.93228389211149,0.9615197135720828,14.614525605806193,7552,21.765556267536276,181619.606903987,24049.20642266777,114980.4958974421,15225.171596589262,89954.3513661921,11911.328305904675,25026.14453125,3313.843290684587,81873.00774742337,10841.235136046525,765.4026561854407,101.35098731269078,9812.223266601562,1299.2880384800799,266.04592007398605,35.228538145390104,26207.246436579153,3470.239199758892,55379.7399145402,7333.122340378734,91665.2555377949,12137.878116763097,5.402623336691167,0.1464852416593055,14.429745159856878,49.52898693021969,30.49215933157296,0.7831528896243944
permanent_k,4,57,4,37.87620432005497,617.2229478289955,655.0991521490505,170.25768106704345,170.82381403949694,29,143.19384300301317,2545429,2447788,97641,96.16406507508165,95.61671875,99.4308203125,233472,89.05687089620916,11224.737593031023,48.077446516203324,1061.8515841811895,4.54808963893396,116.19978974759579,0.4977033209446777,945.6517944335938,4.0503863179892825,94.02105620969087,0.4027080601086677,6.093920005019754,0.026101288398693436,3557.3107681274414,15.236562706137958,179.27577209472656,0.767868404325686,5694.768162570894,24.391653656844905,1677.1831004903652,7.183658427950098,11108.537803283427,47.57974319525865,31.691705384151067,1.5971488919797243,50.73408723698397,1.0352116366599025,14.941846850225337,7296,22.186619292563503,178369.20423898846,24447.53347573855,112178.36564403772,15375.324238492012,87289.77872997522,11964.059584700552,24888.5869140625,3411.264653791461,79211.54563712305,10856.845619123225,745.0520319503266,102.11787718617416,9618.79517018795,1318.3655660893571,262.254496332258,35.94496934378536,26169.19187568873,3586.7861671722494,55029.183966804296,7542.377188432606,91079.42550901324,12483.473891037998,5.392632215424464,0.14702902188254177,14.67136212629276,48.93769588892698,30.851280747473254,1.6321713163020668
permanent_k,8,54,4,38.13401277799858,615.4183114140178,653.5523241920164,167.10815724096028,166.81835979552125,38,152.8074473600136,2567551,2371655,195896,92.37031708425656,92.6427734375,100.2949609375,221184,87.7599126386686,10881.587526993826,49.19699221911995,1029.607359856367,4.654981191480248,126.02484032511711,0.5697737644907277,903.58251953125,4.08520742698952,102.09360020933673,0.46157769191865927,6.38985601766035,0.028889322996511275,3417.013412475586,15.448736854725414,172.91644644737244,0.7817764686748248,5523.045795738697,24.970367638430886,1642.5870320070535,7.426337492798093,10755.562686668709,48.627218454629215,31.40179136545142,1.5890737083943005,50.75588265074138,1.1581475590072567,15.095104716405645,6912,22.420684473528194,175616.7402510182,25407.514503908882,107050.08295559883,15487.569872048442,83048.72162747383,12015.150698419246,24001.361328125,3472.4191736291955,74288.7534759827,10747.794195020644,742.8671682171989,107.47499540179382,9381.860735058784,1357.3293887527177,265.7699201926589,38.45050928713236,27007.29897793196,3907.3059863906196,55913.088990360964,8089.277921059167,92568.01862354437,13392.363805489636,5.342236008736297,0.15133518582156805,15.378544744270402,47.289752394201116,31.838131666970618,4.691683782731337
permanent_k,16,48,5,40.577743276022375,656.9423471919727,697.520090467995,154.88908958999673,159.62208771303995,8,74.62527523800964,2843568,2386555,457013,83.92818459062698,93.2248046875,111.076875,196608,85.79796976168281,9974.19999097474,50.73140457649098,964.7085119634867,4.906761230283034,137.00819458067417,0.696859713646821,827.7003173828125,4.209901516636212,111.41932812519372,0.5667080084492682,5.351263981545344,0.027217936104051432,2960.705406188965,15.058926423080266,163.60060846805573,0.8321157250369046,5146.440320659429,26.176149091895695,1566.4454610776156,7.967353622831297,9837.191796394065,50.034544862844164,29.683637874395846,1.6402378999427671,51.59752486732009,1.3736259018733081,15.704973456467991,6144,24.086159578383093,168180.22803997155,27373.083990880787,96362.81569491327,15684.05203367729,73152.71413241327,11906.36623248914,23210.1015625,3777.685801188151,63332.10989125422,10307.960594279659,644.1159044685774,104.83657299293252,8532.602845072746,1388.7699943152256,270.1927039399743,43.97667707356353,29299.873573889956,4768.859631166985,56924.84478465561,9265.111455835873,95027.51390755828,15466.71775839165,5.073487498806813,0.16065664025366724,17.421711169832776,43.496619659135554,33.847525031971195,4.092906173156042
permanent_k,32,37,6,41.558485354995355,794.5733841729816,836.131869527977,200.69283368397737,136.97856101000798,15,91.78008022799622,3404923,2274026,1130897,66.78641484697305,88.829140625,133.0048046875,151552,75.83896859045937,8834.86688398989,58.29594386078632,836.7181442975998,5.5209970458826,202.15973365306854,1.3339298303755052,634.5584106445312,4.187067215507095,161.111200226238,1.0630753815603753,4.548416041536257,0.03001224689569426,2285.6997413635254,15.081950362671066,141.38739395141602,0.9329299115248628,4805.539037656039,31.708846057168753,1400.0809773658402,9.238287699046138,8632.70715033682,56.96201403041082,25.87135461549011,1.600334173768156,54.39288560605707,2.288203504451351,15.847222100233315,4736,28.819405527440548,153045.99687998416,32315.455422293955,73860.07714830339,15595.455478949196,52574.04199205339,11100.93792061938,21286.03515625,4494.517558329814,41394.60175778554,8740.414222505391,543.5543355371337,114.77076341577992,7316.694014430046,1544.9100537225604,269.45046405494213,56.894101362952306,35652.49802137539,7527.976778162033,57233.31238807039,12084.736568427024,100471.95488793077,21214.51750167457,4.780715708734062,0.17605848538870325,23.2952829529631,34.3517916599158,37.39615119299834,8.615043463619031
permanent_k,48,25,8,43.87126170395641,826.1017893210519,869.9730510250083,111.78364086605143,109.37758355005644,25,113.52567609900143,4205153,2049264,2155889,48.73221021922389,80.049375,164.2637890625,102400,57.650552762095955,8192.973333003465,80.00950520511196,707.0218241065741,6.904510001040762,299.4198343604803,2.9240218199265655,407.60198974609375,3.9804881811141968,217.21350404503755,2.12122562543982,4.304319974733517,0.042034374753257,1536.395839691162,15.003865621984005,124.6061801314354,1.2168572278460488,4991.965183798224,48.74965999802953,1240.5862950221635,12.115100537325816,7893.553498642985,77.0854833851854,18.75260393564511,1.5208908300664024,60.929835615224896,3.6545930542009453,15.142076564862643,3200,35.327251745589834,130593.94862799672,40810.608946248976,47628.04869519174,14883.765217247419,30802.36803112924,9625.740009727888,16825.6806640625,5258.025207519531,20449.551200149115,6390.4847500465985,450.14732811879367,140.67104003712302,6014.052479922771,1879.391399975866,324.87667210027575,101.52396003133617,39498.71069211513,12343.347091285978,53953.94075272931,16860.60648522791,99791.58059686748,31184.86893652109,4.60515402367846,0.24876854977844565,30.245437179198206,23.586367021393386,41.3142732259515,17.647422865187036
permanent_k,64,13,16,54.73150250792969,1165.298188306857,1220.0296908147866,85.27643199398881,77.8224240114796,5,44.3543606059975,6011789,1739529,4272260,28.935296964015205,67.9503515625,234.8355078125,53248,51.30955751349065,7855.364830000326,147.5241291691768,563.3482876867056,10.579707926808624,274.2967740148306,5.151306603343423,289.051513671875,5.4284013234652,179.88675220846198,3.3782818548764646,3.511551983654499,0.06594711507764608,849.5442228317261,15.954481348252067,102.75920271873474,1.929822767404123,5562.08483344689,104.45622058005728,1066.6797969881445,20.0322978701199,7581.068055985495,142.37282256583336,10.814828352557761,1.3081404230429674,70.80619365003649,3.4918400348162977,13.578997539546489,1664,43.444913975428506,92941.72577100107,55854.40250661122,24285.92116573453,14594.904546715463,13734.92360714078,8254.160821599025,10550.99755859375,6340.7437251164365,7586.599361320725,4559.254423870628,362.3297922075726,217.7462693555124,4529.544865310192,2722.082250787375,846.4904002919793,508.7081732523914,32805.09244865365,19714.5988273159,41025.67444960447,24654.85243365653,79206.8021638603,47600.241685012195,4.873532127508078,0.9107754275809826,35.29640984877132,14.77799502129133,44.14128757484829,30.094562657254475
permanent_k,80,2,100,129.5520901636337,2438.9557958785444,2568.507886042178,30.68831512198085,25.555203274008818,2,25.677810822962783,9282451,1227420,8055031,13.223016205525889,47.94609375,362.5957421875,8192,49.13488308416267,5605.677443032619,684.2867972451927,388.98592019081116,47.48363283579238,197.85814309120178,24.152605357812718,191.12777709960938,23.33102747797966,108.2780160473194,13.217531255776294,2.3519360101781785,0.28710156374245344,242.86422514915466,29.64651185902767,80.72771140933037,9.854456959146773,4132.881184255704,504.5020976874639,951.3461791272275,116.13112538174164,5407.819299941417,660.13419188738,4.332468780397172,1.4401062535210274,73.72670344050076,3.529602712641318,16.97111881293973,256,52.446301902988125,28572.489411977585,111611.28676553744,2039.5302706062794,7966.915119555779,969.8720674812794,3788.5627635987476,1069.658203125,4178.352355957031,401.6864638819825,1569.087749538994,108.61948796687648,424.29487487061124,3567.5993281006813,13935.934875393286,861.0904958248138,3363.634749315679,8702.241696795449,33993.13162810722,14471.685823775362,56530.02274912251,27602.617344496306,107822.7240019387,12.48613404544703,3.0137048382765164,30.456715098641247,3.3944262031109864,50.64901981452422,50.67438835269046
