policy,k,bmax,waves,decode_active_expert_executions,decode_expert_fetch_misses,decode_permanent_hits,decode_fetch_miss_rate_pct,decode_fetches_per_generated_token,decode_active_expert_executions_per_generated_token,decode_fetch_reduction_vs_k0_pct,decode_raw_h2d_ms,decode_exposed_h2d_ms,decode_overlapped_h2d_ms,decode_compute_stream_h2d_wait_ms,decode_non_h2d_wall_ms,decode_expert_execution_ms,decode_attention_ms,decode_router_module_ms,decode_residual_dense_dispatch_host_sync_idle_ms,decode_profile_wall_ms,decode_raw_h2d_us_per_token,decode_exposed_h2d_us_per_token,decode_overlapped_h2d_us_per_token,decode_h2d_overlap_pct,decode_compute_stream_h2d_wait_us_per_token,decode_non_h2d_wall_us_per_token,decode_expert_execution_us_per_token,decode_attention_us_per_token,decode_router_module_us_per_token,decode_residual_dense_dispatch_host_sync_idle_us_per_token,decode_profile_wall_us_per_token,runtime_decode_seconds
stream2,0,60,4,2488403,2488403,0,100.0,97.2032421875,97.2032421875,0.0,117156.82768927515,92273.00640021265,24883.8212890625,83990.16007497301,90026.11975779012,25972.61651999131,9899.900158524513,267.0517440959811,53886.551335178316,182299.12615800276,15254.795272041034,12014.714375027688,3240.080897013346,21.239753397095807,10936.218759762112,11722.151010128922,3381.8511093738684,1289.0494998078793,34.772362512497544,7016.478038434677,23736.86538515661,662.6101494400064
permanent_k,2,59,4,2517531,2468915,48616,98.06890163418048,96.4419921875,98.3410546875,0.7831528896243944,114980.4958974421,89954.3513661921,25026.14453125,81873.00774742337,91665.2555377949,26207.246436579153,9812.223266601562,266.04592007398605,55379.7399145402,181619.606903987,15225.171596589262,11911.328305904675,3313.843290684587,21.765556267536276,10841.235136046525,12137.878116763097,3470.239199758892,1299.2880384800799,35.228538145390104,7333.122340378734,24049.20642266777,620.8924718190101
permanent_k,4,57,4,2545429,2447788,97641,96.16406507508165,95.61671875,99.4308203125,1.6321713163020668,112178.36564403772,87289.77872997522,24888.5869140625,79211.54563712305,91079.42550901324,26169.19187568873,9618.79517018795,262.254496332258,55029.183966804296,178369.20423898846,15375.324238492012,11964.059584700552,3411.264653791461,22.186619292563503,10856.845619123225,12483.473891037998,3586.7861671722494,1318.3655660893571,35.94496934378536,7542.377188432606,24447.53347573855,617.2229478289955
permanent_k,8,54,4,2567551,2371655,195896,92.37031708425656,92.6427734375,100.2949609375,4.691683782731337,107050.08295559883,83048.72162747383,24001.361328125,74288.7534759827,92568.01862354437,27007.29897793196,9381.860735058784,265.7699201926589,55913.088990360964,175616.7402510182,15487.569872048442,12015.150698419246,3472.4191736291955,22.420684473528194,10747.794195020644,13392.363805489636,3907.3059863906196,1357.3293887527177,38.45050928713236,8089.277921059167,25407.514503908882,615.4183114140178
permanent_k,16,48,5,2843568,2386555,457013,83.92818459062698,93.2248046875,111.076875,4.092906173156042,96362.81569491327,73152.71413241327,23210.1015625,63332.10989125422,95027.51390755828,29299.873573889956,8532.602845072746,270.1927039399743,56924.84478465561,168180.22803997155,15684.05203367729,11906.36623248914,3777.685801188151,24.086159578383093,10307.960594279659,15466.71775839165,4768.859631166985,1388.7699943152256,43.97667707356353,9265.111455835873,27373.083990880787,656.9423471919727
permanent_k,32,37,6,3404923,2274026,1130897,66.78641484697305,88.829140625,133.0048046875,8.615043463619031,73860.07714830339,52574.04199205339,21286.03515625,41394.60175778554,100471.95488793077,35652.49802137539,7316.694014430046,269.45046405494213,57233.31238807039,153045.99687998416,15595.455478949196,11100.93792061938,4494.517558329814,28.819405527440548,8740.414222505391,21214.51750167457,7527.976778162033,1544.9100537225604,56.894101362952306,12084.736568427024,32315.455422293955,794.5733841729816
permanent_k,48,25,8,4205153,2049264,2155889,48.73221021922389,80.049375,164.2637890625,17.647422865187036,47628.04869519174,30802.36803112924,16825.6806640625,20449.551200149115,99791.58059686748,39498.71069211513,6014.052479922771,324.87667210027575,53953.94075272931,130593.94862799672,14883.765217247419,9625.740009727888,5258.025207519531,35.327251745589834,6390.4847500465985,31184.86893652109,12343.347091285978,1879.391399975866,101.52396003133617,16860.60648522791,40810.608946248976,826.1017893210519
permanent_k,64,13,16,6011789,1739529,4272260,28.935296964015205,67.9503515625,234.8355078125,30.094562657254475,24285.92116573453,13734.92360714078,10550.99755859375,7586.599361320725,79206.8021638603,32805.09244865365,4529.544865310192,846.4904002919793,41025.67444960447,92941.72577100107,14594.904546715463,8254.160821599025,6340.7437251164365,43.444913975428506,4559.254423870628,47600.241685012195,19714.5988273159,2722.082250787375,508.7081732523914,24654.85243365653,55854.40250661122,1165.298188306857
permanent_k,80,2,100,9282451,1227420,8055031,13.223016205525889,47.94609375,362.5957421875,50.67438835269046,2039.5302706062794,969.8720674812794,1069.658203125,401.6864638819825,27602.617344496306,8702.241696795449,3567.5993281006813,861.0904958248138,14471.685823775362,28572.489411977585,7966.915119555779,3788.5627635987476,4178.352355957031,52.446301902988125,1569.087749538994,107822.7240019387,33993.13162810722,13935.934875393286,3363.634749315679,56530.02274912251,111611.28676553744,2438.9557958785444
